index,speaker,file,rec_date,ipu,prompt,word,time,sentence_ons,sentence_off,word_ons,word_off,v1_ons,c2_ons,v2_ons,c1_rel,c2_rel,voicing_start,voicing_end,voicing_duration,voiced_points,GONS,max,NOFF,NONS,peak1,peak2,c1_duration,c1_clos_duration,c1_vot,c1_rvoff,v1_duration,c2_duration,c2_clos_duration,v2_duration,v_v,word_duration,sentence_duration,language,sex,glottocode,item,ipa,c1,c1_phonation,vowel,anteropost,height,c2,c2_phonation,c2_place,speech_rate,speech_rate_c
1,it01,it01-001,29/11/2016 15:10:47,ipu_1,Dico pugu lentamente,pugu,0.990023,0.990023,2.624943,1.350023,1.760023,1.48980182115703,1.58503902278578,1.670023,1.44353339702663,1.64339914973916,1.48841125441526,2.00101746762061,512.606213205348,5,1.488,1.6255,NA,NA,NA,NA,139.778821157034,93.5103970266342,44.8778573886237,141.505625759146,95.2372016287464,84.98397721422,58.3601269533778,89.9999999999999,180.221178842966,410,1.63492,Italian,m,ital1282,20,pugu,p,voiceless,u,back,high,g,voiced,velar,4.89320578376924,-0.559375313037306
2,it01,it01-002,29/11/2016 15:10:52,ipu_2,Dico pada lentamente,pada,3.624943,0.501859099773243,2.09687109977324,0.841859099773243,1.20185909977324,0.937709733603017,1.07667817664642,1.15185909977324,0.917498181831361,1.14456159137821,0.916830234437341,1.48103345718315,564.203222745805,5,0.981,1.1115,1.116,1.102,1.0485,1.1485,95.850633829774,75.6390820581183,-0.667947394019652,159.179994815054,138.968443043399,75.1809231268279,67.8834147317913,49.9999999999998,214.149366170227,360,1.595012,Italian,m,ital1282,2,pada,p,voiceless,a,central,low,d,voiced,coronal,5.0156362459969,-0.436944850809645
3,it01,it01-003,29/11/2016 15:10:57,ipu_3,Dico poco lentamente,poco,6.130023,0.696553612244898,2.3564626122449,1.0165536122449,1.4165536122449,1.1365536122449,1.26348586764855,1.3665536122449,1.11695894113559,1.31713759807754,1.13560772428808,1.27273702717012,137.129302882042,0,1.156,1.3145,1.322,1.302,1.2335,1.3775,120,100.405328890691,18.6487831524913,146.526926512962,126.932255403653,103.067744596348,53.6517304289896,49.9999999999998,230,400,1.659909,Italian,m,ital1282,11,poko,p,voiceless,o,back,mid,k,voiceless,velar,4.81954131220447,-0.633039784602077
4,it01,it01-004,29/11/2016 15:11:03,ipu_4,Dico pata lentamente,pata,8.82,0.623356009070294,2.21328800907029,0.943356009070294,1.34335600907029,1.03585712578182,1.16335600907029,1.26335600907029,1.02457509048874,1.2453344100272,1.03693843084054,1.18524279558403,148.304364743494,2,1.079,1.2045,1.21,1.193,1.1345,1.2465,92.5011167115208,81.2190814184408,12.3633403518055,138.780918581558,127.498883288478,100.000000000001,81.9784009569098,79.9999999999983,227.498883288479,399.999999999999,1.589932,Italian,m,ital1282,1,pata,p,voiceless,a,central,low,t,voiceless,coronal,5.03166173144512,-0.420919365361421
5,it01,it01-005,29/11/2016 15:11:08,ipu_5,Dico boco lentamente,boco,11.52,0.664671201814057,2.24462620181406,0.974671201814058,1.36467120181406,1.07467120181406,1.20700430469281,1.31467120181406,NA,1.26862754215342,0.940111819643812,1.2294178264577,289.306006813888,2,NA,NA,NA,NA,NA,NA,99.9999999999996,NA,NA,NA,132.333102878752,107.666897121248,61.6232374606067,50.0000000000007,240,390.000000000001,1.579955,Italian,m,ital1282,15,boko,b,voiced,o,back,mid,k,voiceless,velar,5.06343535100683,-0.389145745799709
6,it01,it01-006,29/11/2016 15:11:14,ipu_6,Dico podo lentamente,podo,14.334966,0.646802734693877,2.22680273469388,0.976802734693877,1.35680273469388,1.08155406080407,1.20680273469388,1.27680273469388,1.05818299238558,1.25589054959613,1.07613243924519,1.57080414318572,494.671703940534,5,1.136,1.2445,1.249,1.236,1.1915,1.2805,104.751326110193,81.3802576916984,17.9494468596144,148.619742308302,125.248673889807,70.0000000000003,49.0878149022542,80.0000000000001,195.248673889807,380.000000000001,1.58,Italian,m,ital1282,10,podo,p,voiceless,o,back,mid,d,voiced,coronal,5.06329113924051,-0.389289957566036
7,it01,it01-007,29/11/2016 15:11:19,ipu_7,Dico boto lentamente,boto,17.214966,0.740408176870748,2.32539717687075,1.02040817687075,1.41040817687075,1.1273902091026,1.26149926420489,1.37040817687075,NA,1.33802678134019,0.983576892576149,1.27409596641639,290.519073840245,1,NA,NA,NA,NA,NA,NA,106.982032231848,NA,NA,NA,134.109055102289,108.908912665861,76.5275171353039,39.9999999999992,243.01796776815,389.999999999997,1.584989,Italian,m,ital1282,13,boto,b,voiced,o,back,mid,t,voiceless,coronal,5.04735364094009,-0.405227455866448
8,it01,it01-008,29/11/2016 15:11:25,ipu_8,Dico paca lentamente,paca,19.704989,0.502086505668935,2.08702950566893,0.832086505668933,1.19208650566893,0.921843047057955,1.04040322620635,1.13208650566893,0.910457952315749,1.10092043981407,0.923249094458588,1.0407978156731,117.548721214516,0,0.942,1.0835,NA,1.071,1.0145,1.0145,89.756541389022,78.3714466468162,12.7911421428393,129.945273890606,118.5601791484,91.683279462579,60.5172136077172,59.9999999999987,210.243458610979,359.999999999999,1.584943,Italian,m,ital1282,3,paka,p,voiceless,a,central,low,k,voiceless,velar,5.04750013091954,-0.405080965887004
9,it01,it01-009,29/11/2016 15:11:30,ipu_9,Dico bodo lentamente,bodo,22.324989,0.556281517006799,2.0762355170068,0.866281517006801,1.2262815170068,0.964753336158413,1.09497517227223,1.1562815170068,NA,NA,0.825569857465074,1.15067503225925,325.105174794177,5,NA,NA,NA,NA,NA,NA,98.4718191516123,NA,NA,NA,130.221836113819,61.3063447345681,NA,70.0000000000003,191.528180848387,359.999999999999,1.519954,Italian,m,ital1282,14,bodo,b,voiced,o,back,mid,d,voiced,coronal,5.26331717933568,-0.189263917470859
10,it01,it01-010,29/11/2016 15:11:35,ipu_10,Dico pucu lentamente,pucu,24.834966,0.535283460317459,2.15024946031746,0.845283460317457,1.27528346031746,0.982527162332627,1.08165124653867,1.20528346031746,0.939248168059923,1.14587546588353,0.987539686509789,1.09409439629392,106.554709784134,1,1.043,1.1245,1.132,1.117,1.0785,1.175,137.243702015169,93.9647077424652,48.291518449866,142.403078478743,99.1240842060392,123.632213778791,64.2242193448652,70.0000000000003,222.75629798483,430,1.614966,Italian,m,ital1282,19,puku,p,voiceless,u,back,high,k,voiceless,velar,4.95366465919407,-0.498916437612476
11,it01,it01-011,29/11/2016 15:11:40,ipu_11,Dico paga lentamente,paga,27.595011,0.729523471655327,2.31446747165533,1.06952347165533,1.41952347165533,1.1533740117931,1.29331389537809,1.35952347165533,1.13990563171458,1.34687032568152,1.15423671199893,1.69675080748564,542.514095486717,5,1.194,1.3395,NA,1.329,1.2705,1.2705,83.8505401377709,70.3821600592498,14.3310802843493,153.408263663518,139.939883584997,66.209576277231,53.5564303034235,60.0000000000023,206.149459862228,350.000000000001,1.584944,Italian,m,ital1282,4,paga,p,voiceless,a,central,low,g,voiced,velar,5.04749694626435,-0.405084150542194
12,it01,it01-012,29/11/2016 15:11:46,ipu_12,Dico bada lentamente,bada,30.315011,0.639908959183671,2.22485295918367,0.949908959183674,1.31990895918367,1.03990895918367,1.17990895918367,1.25990895918367,NA,1.2512852560255,0.893504275137749,1.58951523393238,696.010958794635,5,NA,NA,NA,NA,NA,NA,89.9999999999999,NA,NA,NA,140.000000000001,79.9999999999983,71.3762968418266,60.0000000000023,219.999999999999,370.000000000001,1.584944,Italian,m,ital1282,6,bada,b,voiced,a,central,low,d,voiced,coronal,5.04749694626435,-0.405084150542194
13,it01,it01-013,29/11/2016 15:11:52,ipu_13,Dico bogo lentamente,bogo,33.175011,0.667074492063492,2.23700649206349,0.977074492063494,1.3570744920635,1.0770744920635,1.21442962084991,1.2870744920635,1.0487746947344,1.27698080810916,0.92633704059761,1.61720365248208,690.866611884471,5,NA,NA,NA,NA,NA,NA,100.000000000001,71.7002026709039,-122.437654136788,165.654926115515,137.355128786417,72.6448712135834,62.5511872592455,70.0000000000003,210.000000000001,380.000000000003,1.569932,Italian,m,ital1282,16,bogo,b,voiced,o,back,mid,g,voiced,velar,5.09576210944168,-0.356818987364863
14,it01,it01-014,29/11/2016 15:11:57,ipu_14,Dico putu lentamente,putu,35.999955,0.810113730158733,2.40507973015873,1.13011373015873,1.53011373015873,1.25814232290281,1.36892793783702,1.46011373015873,1.22362817273596,1.44421762388532,1.25838242630357,1.3856932612947,127.310834991132,1,1.315,1.4155,1.42,1.408,1.3615,1.4535,128.028592744073,93.5144425772307,34.7542535676064,145.299765101058,110.785614934215,91.1857923217099,75.2896860482935,70.0000000000003,201.971407255925,399.999999999999,1.594966,Italian,m,ital1282,17,putu,p,voiceless,u,back,high,t,voiceless,coronal,5.0157809006587,-0.436800196147843
15,it01,it01-015,29/11/2016 15:12:03,ipu_15,Dico bata lentamente,bata,38.715011,0.622675399092969,2.17260739909298,0.922675399092974,1.30267539909297,1.00267539909297,1.13267539909297,1.23267539909298,NA,1.22050679031707,0.869304083801964,1.14549212458091,276.188040778948,1,NA,NA,NA,NA,NA,NA,79.9999999999983,NA,NA,NA,130.000000000003,100.000000000001,87.8313912240927,69.9999999999932,230.000000000004,379.999999999995,1.54993200000001,Italian,m,ital1282,5,bata,b,voiced,a,central,low,t,voiceless,coronal,5.16151676331605,-0.291064333490492
16,it01,it01-016,29/11/2016 15:12:08,ipu_16,Dico bucu lentamente,bucu,41.254966,0.736145138322002,2.206077138322,0.976145138321996,1.376145138322,1.08074128385661,1.18666788059195,1.296145138322,NA,1.25074619395589,0.93757813708032,1.21039689144491,272.818754364589,2,NA,NA,NA,NA,NA,NA,104.596145534615,NA,NA,NA,105.926596735344,109.477257730042,64.078313363936,79.9999999999983,215.403854465386,399.999999999999,1.469932,Italian,m,ital1282,23,buku,b,voiced,u,back,high,k,voiceless,velar,5.44242862935156,-0.0101524674549802
17,it01,it01-017,29/11/2016 15:12:13,ipu_17,Dico baca lentamente,baca,44.030023,0.655147716553287,2.25505671655328,0.995147716553291,1.37514771655329,1.08514771655329,1.22601058954282,1.32514771655329,NA,1.28412550990261,0.941201807548775,1.2326759487381,291.474141189328,0,NA,NA,NA,NA,NA,NA,89.9999999999963,NA,NA,NA,140.862872989537,99.1371270104651,58.1149203597846,49.9999999999972,240.000000000002,379.999999999995,1.599909,Italian,m,ital1282,7,baka,b,voiced,a,central,low,k,voiceless,velar,5.00028439117476,-0.452296705631784
18,it01,it01-018,29/11/2016 15:12:19,ipu_18,Dico butu lentamente,butu,46.864989,0.761769045351478,2.30172304535148,1.03176904535147,1.44176904535148,1.14731144630063,1.27267411583144,1.35176904535147,NA,1.34762958953004,0.998261999250432,1.28815114526997,289.889146019542,1,NA,NA,NA,NA,NA,NA,115.542400949153,NA,NA,NA,125.362669530816,79.0949295200321,74.9554736985942,90.0000000000034,204.457599050848,410.000000000004,1.539954,Italian,m,ital1282,21,butu,b,voiced,u,back,high,t,voiceless,coronal,5.19496036894608,-0.257620727860462
19,it01,it01-019,29/11/2016 15:12:24,ipu_19,Dico bugu lentamente,bugu,49.624989,0.619274714285716,2.22421771428571,0.939274714285716,1.35927471428572,1.0558967654997,1.17542861319188,1.24927471428572,NA,1.24027408699419,0.897315626796398,1.5939424996361,696.626872839698,5,NA,NA,NA,NA,NA,NA,116.622051213987,NA,NA,NA,119.53184769218,73.8461010938352,64.8454738023077,109.999999999999,193.377948786015,420.000000000002,1.604943,Italian,m,ital1282,24,bugu,b,voiced,u,back,high,g,voiced,velar,4.98460069921487,-0.467980397591675
20,it01,it01-020,29/11/2016 15:12:30,ipu_20,Dico pudu lentamente,pudu,52.250023,0.585623907029479,2.22049890702948,0.935623907029481,1.33562390702948,1.07058146185891,1.18525429135222,1.25562390702948,1.02712070901585,NA,1.0718707817072,1.5808362898173,508.965508110108,5,1.145,1.2215,1.226,1.214,1.1775,1.2565,134.957554829434,91.4968019863665,44.7500726913501,158.133582336376,114.672829493308,70.369615677258,NA,79.9999999999983,185.042445170566,399.999999999999,1.634875,Italian,m,ital1282,18,pudu,p,voiceless,u,back,high,d,voiced,coronal,4.89334046945485,-0.559240627351693
21,it01,it01-021,29/11/2016 15:12:36,ipu_21,Dico baga lentamente,baga,55.124989,0.859954986394556,2.41990898639455,1.16995498639456,1.50995498639455,1.25995498639455,1.39838582075436,1.45995498639456,NA,1.44805407033736,1.12156559192327,1.7783618378786,656.79624595533,5,NA,NA,NA,NA,NA,NA,89.9999999999963,NA,NA,NA,138.430834359809,61.5691656401935,49.668249582993,49.9999999999972,200.000000000003,339.999999999996,1.559954,Italian,m,ital1282,8,baga,b,voiced,a,central,low,g,voiced,velar,5.12835634896927,-0.32422474783727
22,it01,it01-022,29/11/2016 15:12:42,ipu_22,Dico pogo lentamente,pogo,57.864989,0.767120519274378,2.36208651927438,1.10712051927437,1.48712051927438,1.22712051927438,1.35542156456752,1.42712051927438,1.22103742747522,1.41696014621085,1.21330426458345,1.7425144626311,529.210198047644,5,1.251,1.3985,NA,1.385,1.3135,1.3135,120.000000000005,113.916908200842,-7.73316289176407,134.384137092304,128.301045293142,71.6989547068536,61.5385816433331,60.0000000000023,199.999999999996,380.000000000003,1.594966,Italian,m,ital1282,12,pogo,p,voiceless,o,back,mid,g,voiced,velar,5.0157809006587,-0.436800196147843
23,it01,it01-023,29/11/2016 15:12:47,ipu_23,Dico budu lentamente,budu,60.764989,0.753016210884354,2.37292521088435,1.07301621088435,1.47301621088435,1.19403132900452,1.32619662401376,1.39301621088435,NA,1.38712601002791,1.03428102955525,1.72495914476118,690.678115205926,5,NA,NA,NA,NA,NA,NA,121.01511812017,NA,NA,NA,132.165295009237,66.8195868705936,60.929386014152,79.9999999999983,198.984881879831,399.999999999999,1.619909,Italian,m,ital1282,22,budu,b,voiced,u,back,high,d,voiced,coronal,4.93854901725961,-0.514032079546929
24,it01,it01-024,29/11/2016 15:12:53,ipu_24,Dico poto lentamente,poto,63.670023,0.732335925170069,2.38721092517007,1.07233592517007,1.47233592517006,1.182803151893,1.31788362694029,1.41233592517006,NA,1.38657700930766,1.18407325321357,1.31793069971835,133.857446504779,0,1.196,1.3485,1.357,1.341,1.2985,1.4005,110.467226722932,NA,NA,NA,135.080475047289,94.4522982297684,68.6933823673712,60.0000000000023,229.532773277057,399.999999999992,1.654875,Italian,m,ital1282,9,poto,p,voiceless,o,back,mid,t,voiceless,coronal,4.83420197900142,-0.618379117805119
25,it01,it01-025,29/11/2016 15:13:33,ipu_25,Dico pugu lentamente,pugu,66.984943,1.15637157142858,2.71632657142858,1.45637157142858,1.85637157142858,1.57637157142858,1.67406260627597,1.76637157142858,1.53649141868463,1.73314394221023,1.56120847812235,2.080556517111,519.348038988656,5,1.606,1.7055,1.711,1.697,1.6485,1.7705,120.000000000005,80.1198472560571,24.7170594377122,137.571187591334,97.6910348473865,92.3089651526112,59.0813359342661,90.0000000000034,189.999999999998,400.000000000006,1.559955,Italian,m,ital1282,20,pugu,p,voiceless,u,back,high,g,voiced,velar,5.12835306146651,-0.324228035340032
26,it01,it01-026,29/11/2016 15:13:39,ipu_26,Dico pada lentamente,pada,69.304989,0.608753172335611,2.1637191723356,0.918753172335599,1.2887531723356,1.0173541940497,1.15535001213611,1.2287531723356,1.00311527374141,NA,1.01310789511805,1.52920080381152,516.092908693476,5,NA,1.1925,1.197,1.184,1.1345,1.2285,98.6010217141029,84.3621014058158,9.99262137663082,152.234738394696,137.995818086409,73.40316019949,NA,60.0000000000023,211.398978285899,370.000000000005,1.55496599999999,Italian,m,ital1282,2,pada,p,voiceless,a,central,low,d,voiced,coronal,5.14480702471953,-0.307774072087008
27,it01,it01-027,29/11/2016 15:13:44,ipu_27,Dico poco lentamente,poco,71.679955,0.475964070294793,2.06598607029478,0.795964070294787,1.18596407029479,0.895964070294781,1.01478246677672,1.12596407029478,0.874898932531963,1.07715106578935,0.893275093317965,1.03110563950042,137.830546182458,1,0.922,1.0685,1.075,1.057,0.9945,1.1195,99.9999999999943,78.9348622371762,18.3761607860022,139.88353424476,118.818396481942,111.181603518062,62.368599012629,60.0000000000023,230.000000000004,390.000000000001,1.59002199999999,Italian,m,ital1282,11,poko,p,voiceless,o,back,mid,k,voiceless,velar,5.03137692434447,-0.421204172462069
28,it01,it01-028,29/11/2016 15:13:49,ipu_28,Dico pata lentamente,pata,74.28,0.56825396825397,2.19818596825397,0.908253968253973,1.28825396825397,1.00825396825397,1.13328106198085,1.21825396825398,0.998934122236904,1.21498272293405,1.0117285138376,1.13698523994266,125.256726105066,0,1.052,1.1745,1.181,1.166,1.1165,1.2185,99.9999999999943,90.6801539829303,12.7943916006947,134.346939743949,125.027093726885,84.9729062731228,81.7016609532004,69.9999999999932,210.000000000008,379.999999999995,1.629932,Italian,m,ital1282,1,pata,p,voiceless,a,central,low,t,voiceless,coronal,4.90818021856128,-0.544400878245266
29,it01,it01-029,29/11/2016 15:13:54,ipu_29,Dico boco lentamente,boco,76.730023,0.615011662131522,2.23492066213151,0.94501166213152,1.34501166213153,1.04501166213151,1.16665799019384,1.26501166213151,NA,1.2327226887749,0.89688736564006,1.18346657269825,286.57920705819,1,NA,NA,NA,NA,NA,NA,99.9999999999943,NA,NA,NA,121.646328062326,98.353671937673,66.0646985810587,80.0000000000125,219.999999999999,400.000000000006,1.61990899999999,Italian,m,ital1282,15,boko,b,voiced,o,back,mid,k,voiceless,velar,4.93854901725963,-0.514032079546908
30,it01,it01-030,29/11/2016 15:13:59,ipu_30,Dico podo lentamente,podo,79.244943,0.610566582766452,2.19061258276645,0.950566582766442,1.33056658276645,1.05420798814407,1.18540119547974,1.25056658276645,1.0319831195207,1.24475419649967,1.05073804607035,1.57273943103187,522.001384961519,5,1.091,1.2205,1.224,1.21,1.1545,1.2535,103.64140537763,81.4165367542614,18.7549265496463,153.418075959038,131.19320733567,65.1653872867115,59.3530010199288,79.9999999999983,196.358594622382,380.00000000001,1.580046,Italian,m,ital1282,10,podo,p,voiceless,o,back,mid,d,voiced,coronal,5.06314373125847,-0.389437365548072
31,it01,it01-031,29/11/2016 15:14:05,ipu_31,Dico boto lentamente,boto,82.119955,0.850113730158739,2.45011373015873,1.18011373015874,1.56011373015873,1.28011373015873,1.40605209843244,1.51011373015874,NA,1.48269248079485,1.13012463861807,1.4197817485575,289.657109939427,1,NA,NA,NA,NA,NA,NA,99.9999999999943,NA,NA,NA,125.938368273708,104.061631726296,76.6403823624131,49.9999999999972,230.000000000004,379.999999999995,1.59999999999999,Italian,m,ital1282,13,boto,b,voiced,o,back,mid,t,voiceless,coronal,5.00000000000002,-0.452581096806524
32,it01,it01-032,29/11/2016 15:14:11,ipu_32,Dico paca lentamente,paca,84.82,0.717324263038549,2.30226726303856,1.01732426303856,1.38732426303855,1.11475449055877,1.23622968253623,1.32732426303856,1.10159204215842,1.28246231853714,1.11551421096602,1.23867610090387,123.161889937851,0,1.139,1.2835,1.291,1.271,1.2135,1.3565,97.4302275202064,84.2677791198554,13.9221688076079,134.637640377818,121.475191977467,91.0945805023289,46.2326360009087,59.9999999999881,212.569772479796,369.99999999999,1.58494300000001,Italian,m,ital1282,3,paka,p,voiceless,a,central,low,k,voiceless,velar,5.0475001309195,-0.405080965887038
33,it01,it01-033,29/11/2016 15:14:17,ipu_33,Dico bodo lentamente,bodo,87.579955,0.679274727891155,2.25428572789116,0.999274727891162,1.35927472789116,1.08927472789115,1.22997352413287,1.29284972594958,NA,1.28063252966088,0.950390086782318,1.61141257031898,661.022483536658,5,NA,NA,NA,NA,NA,NA,89.9999999999892,NA,NA,NA,140.698796241722,62.8762018167066,50.6590055280043,66.4250019415817,203.574998058429,359.999999999999,1.575011,Italian,m,ital1282,14,bodo,b,voiced,o,back,mid,d,voiced,coronal,5.07932960468212,-0.373251492124427
34,it01,it01-034,29/11/2016 15:14:22,ipu_34,Dico pucu lentamente,pucu,90.309977,0.530022351473932,2.12997735147393,0.870022351473935,1.26002235147392,0.979698967898514,1.0827099306954,1.17002235147393,0.94931969437917,1.11897881130213,0.979627989595253,1.11173190040749,132.103910812233,3,NA,1.1045,1.111,1.097,1.0525,1.1585,109.676616424579,79.2973429052353,30.3082952160826,133.390236316231,103.010962796887,87.312420778531,36.2688806067268,89.9999999999892,190.323383575418,389.999999999986,1.59995499999999,Italian,m,ital1282,19,puku,p,voiceless,u,back,high,k,voiceless,velar,5.00014062895521,-0.452440467851335
35,it01,it01-035,29/11/2016 15:14:28,ipu_35,Dico paga lentamente,paga,93.18,0.613650793650805,2.1336057936508,0.923650793650793,1.2736507936508,1.00365079365079,1.1536507936508,1.2136507936508,NA,1.19206278864475,1.0095115242332,1.518219771982,508.708247748807,5,1.056,1.1895,NA,1.18,1.1275,1.1275,79.9999999999983,NA,NA,NA,150.000000000006,60.0000000000023,38.4119949939503,60.0000000000023,210.000000000008,350.000000000009,1.519955,Italian,m,ital1282,4,paga,p,voiceless,a,central,low,g,voiced,velar,5.26331371652452,-0.189267380282026
36,it01,it01-036,29/11/2016 15:14:34,ipu_36,Dico bada lentamente,bada,95.755011,0.646076759637182,2.24104275963718,0.976076759637181,1.34607675963719,1.08607675963718,1.21607675963719,1.28607675963718,NA,NA,0.931321227519468,1.6050606380416,673.739410522131,5,NA,NA,NA,NA,NA,NA,109.999999999999,NA,NA,NA,130.00000000001,69.9999999999932,NA,60.0000000000023,200.000000000003,370.000000000005,1.594966,Italian,m,ital1282,6,bada,b,voiced,a,central,low,d,voiced,coronal,5.0157809006587,-0.436800196147843
37,it01,it01-037,29/11/2016 15:14:39,ipu_37,Dico bogo lentamente,bogo,98.430023,0.766893748299324,2.37682574829933,1.09689374829932,1.48689374829932,1.19689374829932,1.33994643392826,1.40689374829933,NA,1.39222418975373,1.04509907286948,1.38219529347779,337.096220608308,5,NA,NA,NA,NA,NA,NA,99.9999999999943,NA,NA,NA,143.052685628945,66.9473143710633,52.2777558254717,79.9999999999983,210.000000000008,390.000000000001,1.609932,Italian,m,ital1282,16,bogo,b,voiced,o,back,mid,g,voiced,velar,4.9691539766897,-0.483427120116845
38,it01,it01-038,29/11/2016 15:14:44,ipu_38,Dico putu lentamente,putu,100.984989,0.732834804988656,2.28276680498865,1.03283480498865,1.43283480498866,1.14062883282398,1.25283480498865,1.33283480498865,1.10549206775734,1.32892990231058,1.13948230059321,1.27801372651793,138.531425924722,3,1.172,1.2985,1.305,1.292,1.2535,1.3415,107.794027835325,72.6572627686863,33.9902328358706,147.342737231313,112.205972164674,79.9999999999983,76.0950973219252,100.000000000009,192.205972164672,400.000000000006,1.549932,Italian,m,ital1282,17,putu,p,voiceless,u,back,high,t,voiceless,coronal,5.16151676331607,-0.291064333490468
39,it01,it01-039,29/11/2016 15:14:49,ipu_39,Dico bata lentamente,bata,103.584989,0.685759975056683,2.26571397505668,1.02575997505669,1.39575997505669,1.11180257487381,1.23488187511532,1.32575997505668,NA,1.31705872656984,0.966042275197694,1.24048732870627,274.445053508574,0,NA,NA,NA,NA,NA,NA,86.0425998171195,NA,NA,NA,123.079300241514,90.8780999413636,82.1768514545198,70.0000000000074,213.957400182878,370.000000000005,1.579954,Italian,m,ital1282,5,bata,b,voiced,a,central,low,t,voiceless,coronal,5.06343855580605,-0.389142541000489
40,it01,it01-040,29/11/2016 15:14:54,ipu_40,Dico bucu lentamente,bucu,106.094966,0.606712031746028,2.17668903174602,0.906712031746025,1.30671203174603,1.0181292567498,1.12308382261834,1.22671203174603,NA,1.19035148322726,0.872975531409277,1.13452799726516,261.552465855885,1,NA,NA,NA,NA,NA,NA,111.417225003777,NA,NA,NA,104.954565868539,103.628209127692,67.2676606089198,79.9999999999983,208.582774996231,400.000000000006,1.56997699999999,Italian,m,ital1282,23,buku,b,voiced,u,back,high,k,voiceless,velar,5.09561605042623,-0.356965046380307
41,it01,it01-041,29/11/2016 15:14:59,ipu_41,Dico baca lentamente,baca,108.679955,0.52140624716553,2.10639424716553,0.831406247165518,1.21140624716553,0.931406247165526,1.06000840707391,1.15140624716553,NA,1.10474295850071,0.781435487533183,1.06292741191313,281.49192437995,0,NA,NA,NA,NA,NA,NA,100.000000000009,NA,NA,NA,128.602159908382,91.3978400916164,44.7345514267994,60.0000000000023,219.999999999999,380.00000000001,1.584988,Italian,m,ital1282,7,baka,b,voiced,a,central,low,k,voiceless,velar,5.04735682541447,-0.405224271392076
42,it01,it01-042,29/11/2016 15:15:04,ipu_42,Dico butu lentamente,butu,111.244989,0.659954986394553,2.18988698639456,0.939954986394554,1.37995498639455,1.0417529820041,1.17683339548304,1.24995498639454,1.01376451020407,1.24125147014335,0.897854904961239,1.19312450603005,295.269601068812,2,NA,NA,NA,NA,NA,NA,101.797995609545,73.8095238095156,-115.90960524283,163.068885278975,135.080413478946,73.121590911498,64.4180746603098,130.00000000001,208.202004390444,439.999999999998,1.529932,Italian,m,ital1282,21,butu,b,voiced,u,back,high,t,voiceless,coronal,5.2289905695155,-0.223590527291042
43,it01,it01-043,29/11/2016 15:15:10,ipu_43,Dico bugu lentamente,bugu,113.784989,0.680589907029471,2.26054390702947,0.970589907029478,1.38058990702947,1.08885077173528,1.20838236064112,1.29058990702947,NA,1.26641992059966,0.933455117677976,1.60979142827587,676.336310597894,5,NA,NA,NA,NA,NA,NA,118.260864705803,NA,NA,NA,119.531588905843,82.2075463883465,58.0375599585352,90.0000000000034,201.73913529419,409.999999999997,1.579954,Italian,m,ital1282,24,bugu,b,voiced,u,back,high,g,voiced,velar,5.06343855580605,-0.389142541000489
44,it01,it01-044,29/11/2016 15:15:15,ipu_44,Dico pudu lentamente,pudu,116.589977,0.850113054421769,2.44503405442177,1.15011305442177,1.56011305442176,1.28749319621411,1.40896838819158,1.47011305442176,1.2540376445821,1.46170866484849,1.29004436271137,1.79156870741351,501.524344702137,5,1.36,1.4345,1.44,1.428,1.3965,1.4745,137.380141792349,103.924590160332,36.006718129274,154.930743609484,121.475191977467,61.1446662301773,52.7402766569054,90.0000000000034,182.619858207644,409.999999999997,1.594921,Italian,m,ital1282,18,pudu,p,voiceless,u,back,high,d,voiced,coronal,5.01592241872795,-0.43665867807859
45,it01,it01-045,29/11/2016 15:15:21,ipu_45,Dico baga lentamente,baga,119.144989,0.781270179138318,2.36122417913832,1.10127017913833,1.46127017913832,1.19127017913833,1.33248256296324,1.41127017913833,NA,1.38399487423239,1.04955112650875,1.7064570437495,656.905917240751,5,NA,NA,NA,NA,NA,NA,90.0000000000034,NA,NA,NA,141.212383824907,78.7876161750916,51.5123112691498,49.9999999999972,219.999999999999,359.999999999999,1.579954,Italian,m,ital1282,8,baga,b,voiced,a,central,low,g,voiced,velar,5.06343855580605,-0.389142541000489
46,it01,it01-046,29/11/2016 15:15:26,ipu_46,Dico pogo lentamente,pogo,121.989977,0.688933916099771,2.26888891609977,1.00893391609978,1.37893391609977,1.11059048753089,1.23212468899736,1.29893391609977,1.0979152342444,1.29061520032673,1.11152781398681,1.62747051000541,515.942696018603,5,1.133,1.2705,1.276,1.26,1.2065,1.3195,101.656571431107,88.9813181446186,13.6125797424131,134.209454752963,121.534201466474,66.8092271024108,58.4905113293672,79.9999999999983,188.343428568885,369.99999999999,1.579955,Italian,m,ital1282,12,pogo,p,voiceless,o,back,mid,g,voiced,velar,5.06343535100684,-0.389145745799704
47,it01,it01-047,29/11/2016 15:15:31,ipu_47,Dico budu lentamente,budu,124.749977,0.917958859410433,2.44793685941043,1.21795885941043,1.62795885941043,1.33231855231563,1.45768095043637,1.51795885941043,NA,NA,1.17521393474367,1.8344983105932,659.284375849532,5,NA,NA,NA,NA,NA,NA,114.359692905197,NA,NA,NA,125.362398120743,60.2779089740579,NA,109.999999999999,185.640307094801,409.999999999997,1.529978,Italian,m,ital1282,22,budu,b,voiced,u,back,high,d,voiced,coronal,5.22883335577374,-0.223747741032798
48,it01,it01-048,29/11/2016 15:15:36,ipu_48,Dico poto lentamente,poto,127.089977,0.5992740521542,2.17419505215419,0.929274052154199,1.2892740521542,1.02961602964859,1.15497831349141,1.24927405215419,1.01759675372094,1.21399652792333,1.0228161348677,1.15537612222559,132.559987357887,0,1.087,1.2035,1.209,1.194,1.139,1.2455,100.341977494395,88.3227015667387,5.21938114676201,137.381559770475,125.362283842819,94.2957386627796,59.0182144319158,40.0000000000063,219.658022505598,359.999999999999,1.57492099999999,Italian,m,ital1282,9,poto,p,voiceless,o,back,mid,t,voiceless,coronal,5.07961986664732,-0.372961230159227
49,it01,it01-049,29/11/2016 15:16:00,ipu_49,Dico pugu lentamente,pugu,129.839955,0.899546836734686,2.42448983673469,1.19954683673467,1.58954683673468,1.32157800173579,1.41584260033295,1.50954683673467,1.29716399065006,NA,1.3232286565092,1.79900325103021,475.774594521005,5,1.295,1.4565,NA,1.448,1.3985,1.3985,122.031165001118,97.6171539153938,26.0646658591408,118.678609682888,94.2645985971637,93.7042364017202,NA,80.0000000000125,187.968834998884,390.000000000015,1.52494300000001,Italian,m,ital1282,20,pugu,p,voiceless,u,back,high,g,voiced,velar,5.24609772299683,-0.206483373809708
50,it01,it01-050,29/11/2016 15:16:05,ipu_50,Dico pada lentamente,pada,132.164989,0.426576301587289,1.95650830158729,0.736576301587292,1.09657630158731,0.831076197529768,0.971015395447211,1.0365763015873,0.819002114107576,1.03033601796281,0.83174392881095,1.3424855331403,510.741604329352,5,0.905,1.0035,1.008,0.996,0.9475,1.0405,94.4998959424765,82.4258125202846,12.741814703374,152.013281339634,139.939197917442,65.5609061400924,59.3206225155996,60.0000000000023,205.500104057535,360.000000000014,1.529932,Italian,m,ital1282,2,pada,p,voiceless,a,central,low,d,voiced,coronal,5.2289905695155,-0.223590527291042
51,it01,it01-051,29/11/2016 15:16:10,ipu_51,Dico poco lentamente,poco,134.510023,0.635374473922894,2.2252604739229,0.965374473922907,1.36537447392291,1.07162733999726,1.19504593816058,1.29537447392289,1.04583182673329,1.26447154336572,1.07020177787318,1.19675005818849,126.548280315315,0,1.091,1.2425,1.25,1.23,1.1705,1.3065,106.252866074357,80.4573528103845,24.3699511398856,149.214111427284,123.418598163312,100.328535762316,69.4256052051401,70.0000000000216,223.747133925627,400.000000000006,1.58988600000001,Italian,m,ital1282,11,poko,p,voiceless,o,back,mid,k,voiceless,velar,5.03180731197077,-0.420773784835768
52,it01,it01-052,29/11/2016 15:16:15,ipu_52,Dico pata lentamente,pata,136.969977,0.703673145124725,2.30362814512472,1.04367314512473,1.41367314512473,1.13367314512473,1.24367314512472,1.34367314512471,1.10384702683024,1.33415689942655,1.13843604177391,1.26422852140715,125.792479633237,2,NA,1.2945,1.3,1.284,1.2195,1.3395,90.0000000000034,60.1738817055093,34.5890149436732,139.826118294479,109.999999999985,99.9999999999943,90.4837543018289,70.0000000000216,209.99999999998,370.000000000005,1.59995499999999,Italian,m,ital1282,1,pata,p,voiceless,a,central,low,t,voiceless,coronal,5.00014062895521,-0.452440467851335
53,it01,it01-053,29/11/2016 15:16:20,ipu_53,Dico boco lentamente,boco,139.415011,0.571292179138311,2.14122417913831,0.891292179138304,1.28129217913832,0.987146860779461,1.11754312722348,1.21129217913833,NA,1.18213178173264,0.847307087702651,1.1197850944684,272.478006765744,0,NA,NA,NA,NA,NA,NA,95.854681641157,NA,NA,NA,130.396266444023,93.7490519148412,64.5886545091514,69.9999999999932,224.145318358865,390.000000000015,1.56993199999999,Italian,m,ital1282,15,boko,b,voiced,o,back,mid,k,voiceless,velar,5.0957621094417,-0.35681898736484
54,it01,it01-054,29/11/2016 15:16:25,ipu_54,Dico podo lentamente,podo,141.904989,0.63478491836733,2.20476191836733,0.954784918367324,1.33478491836732,1.05372207224852,1.18977407022382,1.24478491836734,1.04748866381311,NA,1.04747271496631,1.56022153234668,512.748817380365,5,NA,1.2165,1.222,1.208,1.1535,1.2555,98.9371538811952,92.7037454457889,-0.0159488467985636,142.285406410707,136.051997975301,55.0108481435245,NA,89.999999999975,191.062846118825,379.999999999995,1.56997699999999,Italian,m,ital1282,10,podo,p,voiceless,o,back,mid,d,voiced,coronal,5.09561605042623,-0.356965046380307
55,it01,it01-055,29/11/2016 15:16:30,ipu_55,Dico boto lentamente,boto,144.329977,0.633287657596355,2.29328765759635,0.943287657596329,1.42328765759635,1.07965097503634,1.20015417324305,1.36328765759635,1.03446679591835,1.32128515050169,1.08293681462768,1.21585660808387,132.919793456189,0,NA,NA,NA,NA,NA,NA,136.363317440015,91.1791383220191,48.470018709331,165.687377324701,120.503198206706,163.133484353295,121.130977258645,60.0000000000023,283.636682560001,480.000000000018,1.66,Italian,m,ital1282,13,boto,b,voiced,o,back,mid,t,voiceless,coronal,4.81927710843375,-0.633303988372797
56,it01,it01-056,29/11/2016 15:16:36,ipu_56,Dico paca lentamente,paca,147.58,0.539637188208587,2.06956918820856,0.83963718820857,1.19963718820858,0.933473949828539,1.05689254799182,1.13963718820858,0.916484852112689,1.1086994131299,1.053803574111,1.13808655178036,84.2829776693546,0,0.97,1.1045,NA,1.091,1.0335,1.0335,93.8367616199685,76.8476639041182,137.318721998313,140.407695879134,123.418598163283,82.7446402167595,51.8068651380759,60.0000000000023,206.163238380043,360.000000000014,1.52993199999997,Italian,m,ital1282,3,paka,p,voiceless,a,central,low,k,voiceless,velar,5.2289905695156,-0.223590527290945
57,it01,it01-057,29/11/2016 15:16:42,ipu_57,Dico bodo lentamente,bodo,149.975011,0.5662128140589,2.11115681405892,0.876212814058903,1.24621281405891,0.968349462743447,1.12092206047288,1.17621281405891,NA,1.16886459061814,0.837445607506016,1.48224405441299,644.79844690697,5,NA,NA,NA,NA,NA,NA,92.1366486845443,NA,NA,NA,152.572597729431,55.2907535860356,47.9425301452636,69.9999999999932,207.863351315467,370.000000000005,1.54494400000002,Italian,m,ital1282,14,bodo,b,voiced,o,back,mid,d,voiced,coronal,5.17818121562977,-0.274399881176771
58,it01,it01-058,29/11/2016 15:16:47,ipu_58,Dico pucu lentamente,pucu,152.414966,0.521632666666619,2.02163266666662,0.821632666666631,1.20163266666663,0.936059188198612,1.03163266666664,1.12163266666661,0.897987463671143,1.08807492479787,0.937066429902061,1.04603538710063,108.968957198572,1,0.963,1.0675,NA,1.053,0.9995,0.9995,114.426521531982,76.3547970045124,39.0789662309178,133.645202995496,95.573478468026,89.999999999975,56.4422581312272,80.0000000000125,185.573478468001,379.999999999995,1.5,Italian,m,ital1282,19,puku,p,voiceless,u,back,high,k,voiceless,velar,5.33333333333333,-0.119247763473209
59,it01,it01-059,29/11/2016 15:16:52,ipu_59,Dico paga lentamente,paga,154.76,0.625941043083856,2.20086204308387,0.965941043083859,1.29594104308387,1.05016880237199,1.18136180041961,1.24594104308386,1.03122016291934,1.23356755061508,1.0511637457862,1.55497662326022,503.812877474019,5,1.066,1.2145,NA,1.199,1.1275,1.1275,84.227759288126,65.2791198354805,19.943582866861,150.141637500269,131.192998047624,64.5792426642515,52.2057501954691,50.0000000000114,195.772240711875,330.000000000013,1.57492100000002,Italian,m,ital1282,4,paga,p,voiceless,a,central,low,g,voiced,velar,5.07961986664722,-0.372961230159319
60,it01,it01-060,29/11/2016 15:16:57,ipu_60,Dico bada lentamente,bada,157.174966,0.498322009070279,2.08825400907026,0.818322009070272,1.16832200907027,0.908322009070275,1.04974863485489,1.09832200907027,NA,1.09030209044872,0.772130593935302,1.42581272885821,653.682134922913,5,NA,NA,NA,NA,NA,NA,90.0000000000034,NA,NA,NA,141.426625784618,48.5733742153798,40.5534555938232,69.9999999999932,189.999999999998,349.999999999994,1.58993199999998,Italian,m,ital1282,6,bada,b,voiced,a,central,low,d,voiced,coronal,5.03166173144519,-0.420919365361348
61,it01,it01-061,29/11/2016 15:17:02,ipu_61,Dico bogo lentamente,bogo,159.644989,0.599909634920607,2.12984163492061,0.879909634920608,1.24990963492058,0.971724382092759,1.11360717998127,1.17990963492059,NA,1.16406527900222,0.841259066290758,1.48712557334894,645.866507058184,5,NA,NA,NA,NA,NA,NA,91.8147471721511,NA,NA,NA,141.882797888513,66.3024549393185,50.4580990209433,69.9999999999932,208.185252827832,369.999999999976,1.529932,Italian,m,ital1282,16,bogo,b,voiced,o,back,mid,g,voiced,velar,5.2289905695155,-0.223590527291042
62,it01,it01-062,29/11/2016 15:17:07,ipu_62,Dico putu lentamente,putu,162.129977,0.542312600906996,2.11229060090699,0.852312600906998,1.24231260090701,0.967015476706848,1.072312600907,1.15231260090701,0.930784022336496,1.14090367223943,0.968133575812768,1.08468124241925,116.547666606481,1,1.011,1.1115,1.117,1.104,1.0675,1.1515,114.70287579985,78.4714214294979,37.3495534762721,141.528578570501,105.297124200149,80.0000000000125,68.5910713324347,90.0000000000034,185.297124200162,390.000000000015,1.56997799999999,Italian,m,ital1282,17,putu,p,voiceless,u,back,high,t,voiceless,coronal,5.09561280476544,-0.356968292041098
63,it01,it01-063,29/11/2016 15:17:12,ipu_63,Dico bata lentamente,bata,164.614966,0.821405909297027,2.411337909297,1.15140590929701,1.53140590929701,1.24140590929701,1.37140590929701,1.46140590929701,1.21262090168753,1.44959501039571,1.09841961585922,1.38235233661326,283.932720754043,1,NA,NA,NA,NA,NA,NA,90.0000000000034,61.2149923905179,-114.201285828311,158.785007609481,129.999999999995,90.0000000000034,78.189101098701,69.9999999999932,219.999999999999,379.999999999995,1.58993199999998,Italian,m,ital1282,5,bata,b,voiced,a,central,low,t,voiceless,coronal,5.03166173144519,-0.420919365361348
64,it01,it01-064,29/11/2016 15:17:17,ipu_64,Dico bucu lentamente,bucu,167.004989,0.564354079365046,2.09927407936505,0.854354079365038,1.25435407936504,0.967371050041919,1.07426904845107,1.17435407936506,NA,1.14037494236663,0.815437477012761,1.08843795056432,273.000473551554,1,NA,NA,NA,NA,NA,NA,113.016970676881,NA,NA,NA,106.897998409153,100.085030913988,66.1058939155623,79.9999999999841,206.983029323141,400.000000000006,1.53492,Italian,m,ital1282,23,buku,b,voiced,u,back,high,k,voiceless,velar,5.21199801944075,-0.240583077365788
65,it01,it01-066,29/11/2016 15:17:29,ipu_65,Dico butu lentamente,butu,169.430023,0.551292841269827,2.12616784126982,0.881292841269811,1.24129284126983,0.994553009289007,1.09853560774155,1.16129284126981,0.980682685928599,1.16018578579343,0.847779022764734,1.10837836913792,260.599346373183,1,NA,NA,NA,NA,NA,NA,113.260168019195,99.3898446587878,-132.903663163866,117.852921812954,103.982598452546,62.7572335282594,61.6501780518775,80.0000000000125,166.739831980806,360.000000000014,1.57487499999999,Italian,m,ital1282,21,butu,b,voiced,u,back,high,t,voiceless,coronal,5.07976823557428,-0.372812861232263
66,it01,it01-067,29/11/2016 15:17:35,ipu_66,Dico bugu lentamente,bugu,172.229977,0.495192419501109,2.04517041950112,0.785192419501129,1.17519241950112,0.910806283697042,1.01576068213512,1.08519241950111,0.895965842966348,1.07597538710357,0.747385338673888,1.40898114569443,661.595807020541,5,NA,NA,NA,NA,NA,NA,125.613864195913,110.773423465218,-148.580504292459,119.794839168776,104.954398438082,69.4317373659885,60.2147049684447,90.0000000000034,174.38613580407,389.999999999986,1.54997800000001,Italian,m,ital1282,24,bugu,b,voiced,u,back,high,g,voiced,velar,5.16136358064434,-0.291217516162205
67,it01,it01-068,29/11/2016 15:17:40,ipu_67,Dico pudu lentamente,pudu,175.295011,0.541632315192715,2.10154231519272,0.851632315192717,1.23163231519271,0.976523540568479,1.09022413887641,1.14163231519274,0.940785512946945,1.13784684043443,0.969042053569041,1.45266452741383,483.62247384479,5,1.042,1.1095,1.114,1.104,1.0735,1.1475,124.891225375762,89.1531977542286,28.2565406220953,149.438625929463,113.700598307929,51.408176316329,47.6227015580264,89.999999999975,165.108774624258,379.999999999995,1.55991,Italian,m,ital1282,18,pudu,p,voiceless,u,back,high,d,voiced,coronal,5.128501003263,-0.32408009354354
68,it01,it01-069,29/11/2016 15:17:45,ipu_68,Dico baga lentamente,baga,177.929977,0.622403303854867,2.19732430385486,0.932403303854869,1.28240330385486,1.02240330385487,1.1489048249733,1.22240330385486,NA,NA,0.885840609967925,1.53753159935113,651.690989383201,5,NA,NA,NA,NA,NA,NA,90.0000000000034,NA,NA,NA,126.501521118428,73.4984788815609,NA,60.0000000000023,199.999999999989,349.999999999994,1.57492099999999,Italian,m,ital1282,8,baga,b,voiced,a,central,low,g,voiced,velar,5.07961986664732,-0.372961230159227
69,it01,it01-070,29/11/2016 15:17:51,ipu_69,Dico pogo lentamente,pogo,180.559955,0.640136405895674,2.22013640589566,0.980136405895678,1.35013640589568,1.09013640589566,1.21013640589567,1.28013640589566,1.05795050508922,NA,1.08757624267639,1.59757377053759,509.997527861195,5,NA,NA,NA,1.128,NA,NA,109.999999999985,77.8140991935459,29.625737587168,152.185900806444,120.000000000005,69.9999999999932,NA,70.0000000000216,189.999999999998,370.000000000005,1.57999999999998,Italian,m,ital1282,12,pogo,p,voiceless,o,back,mid,g,voiced,velar,5.06329113924056,-0.389289957565985
70,it01,it01-071,29/11/2016 15:17:56,ipu_70,Dico budu lentamente,budu,182.910023,0.505669258503389,2.08058925850338,0.8056692585034,1.1856692585034,0.925400521448324,1.03618571979965,1.10566925850338,0.91109322903128,1.09642359759076,0.757861113114074,1.4084027987534,650.541685639326,5,NA,NA,NA,NA,NA,NA,119.731262944924,105.42397052788,-153.232115917206,125.092490768367,110.785198351323,69.4835387037358,60.2378777911099,80.0000000000125,180.268737055059,379.999999999995,1.57491999999999,Italian,m,ital1282,22,budu,b,voiced,u,back,high,d,voiced,coronal,5.0796230919666,-0.372958004839939
71,it01,it01-072,29/11/2016 15:18:02,ipu_71,Dico poto lentamente,poto,185.524989,0.601270179138311,2.16117917913832,0.911270179138313,1.29127017913831,1.02079961501849,1.15102081308058,1.25127017913832,1.00446031220551,1.2237167218041,1.02079181804078,1.15370500760965,132.913189568877,0,1.089,1.1785,1.185,1.171,1.1315,1.2275,109.529435880177,93.1901330671963,16.3315058352669,146.560500875069,130.221198062088,100.249366057739,72.6959087235173,39.999999999992,230.470564119827,379.999999999995,1.559909,Italian,m,ital1282,9,poto,p,voiceless,o,back,mid,t,voiceless,coronal,5.12850429095542,-0.324076805851123
72,it01,it01-073,29/11/2016 15:18:39,ipu_72,Dico pugu lentamente,pugu,189.410023,1.67668966666665,3.25156466666664,2.01668966666665,2.39668966666665,2.1348360800568,2.22521347871182,2.29668966666665,2.10197139428129,2.28313029943109,2.12069597909751,2.61404087880089,493.344899703386,5,2.148,2.2685,NA,2.26,2.2155,2.2155,118.14641339015,85.2817276146425,18.7245848162152,123.24208443053,90.377398655022,71.4761879548291,57.9168207192708,99.9999999999943,161.853586609851,379.999999999995,1.57487499999999,Italian,m,ital1282,20,pugu,p,voiceless,u,back,high,g,voiced,velar,5.07976823557428,-0.372812861232263
73,it01,it01-074,29/11/2016 15:18:45,ipu_73,Dico pada lentamente,pada,192.309977,0.594421444444436,2.16934244444442,0.934421444444439,1.28442144444443,1.02484523999237,1.1540946380689,1.22442144444443,NA,1.216916498362,1.02213173380843,1.52366275945028,501.531025641845,5,1.088,1.1865,1.191,1.178,1.1275,1.2235,90.4237955479346,NA,NA,NA,129.249398076524,70.3268063755331,62.8218602930986,60.0000000000023,199.576204452057,349.999999999994,1.57492099999999,Italian,m,ital1282,2,pada,p,voiceless,a,central,low,d,voiced,coronal,5.07961986664732,-0.372961230159227
74,it01,it01-075,29/11/2016 15:18:50,ipu_74,Dico poco lentamente,poco,194.634966,0.562585047619024,2.17251704761904,0.902585047619027,1.28258504761902,0.992585047619031,1.11357572090935,1.21258504761903,0.983698698290937,1.18166743331741,0.995931399801623,1.13101030901939,135.078909217769,1,1.015,1.1815,NA,1.162,1.0785,1.0785,90.0000000000034,81.1136506719095,12.2327015106862,129.877022618416,120.990673290322,99.0093267096768,68.0917124080622,69.9999999999932,219.999999999999,379.999999999995,1.60993200000001,Italian,m,ital1282,11,poko,p,voiceless,o,back,mid,k,voiceless,velar,4.96915397668965,-0.483427120116889
75,it01,it01-076,29/11/2016 15:18:54,ipu_75,Dico pata lentamente,pata,196.955011,0.549024605442185,2.10893460544216,0.869024605442178,1.23902460544218,0.969543649301869,1.08902460544218,1.16902460544216,0.957374743273817,1.16093793375853,0.970329115320248,1.09041406531997,120.08494999972,0,NA,1.1225,1.129,1.114,1.0555,1.1675,100.519043859691,88.3501378316396,12.954372046431,131.649862168359,119.480956140308,79.9999999999841,71.9133283163558,70.0000000000216,199.480956140292,370.000000000005,1.55990999999997,Italian,m,ital1282,1,pata,p,voiceless,a,central,low,t,voiceless,coronal,5.1285010032631,-0.324080093543446
76,it01,it01-077,29/11/2016 15:18:59,ipu_76,Dico boco lentamente,boco,199.304989,0.797596709750565,2.41251670975055,1.11759670975056,1.52759670975055,1.21554127393225,1.34187527205216,1.44759670975057,NA,1.41478110379384,1.06364995637654,1.34918486207319,285.534905696643,0,NA,NA,NA,NA,NA,NA,97.9445641816881,NA,NA,NA,126.333998119918,105.721437698406,72.9058317416786,79.9999999999841,232.055435818324,409.999999999997,1.61491999999998,Italian,m,ital1282,15,boko,b,voiced,o,back,mid,k,voiceless,velar,4.95380576127615,-0.498775335530391
77,it01,it01-078,29/11/2016 15:19:04,ipu_77,Dico podo lentamente,podo,201.604989,0.62467153968251,2.24961453968251,0.994671539682514,1.37467153968251,1.09842444822777,1.232532846232,1.29467153968253,1.07893215363268,1.29224394330058,1.09620037483985,1.62157168077549,525.37130593564,5,1.151,1.2655,1.27,1.255,1.1975,1.3045,103.75290854526,84.260613950164,17.268221207172,153.600692599326,134.10839800423,62.138693450521,59.7110970685719,79.9999999999841,196.247091454751,379.999999999995,1.624943,Italian,m,ital1282,10,podo,p,voiceless,o,back,mid,d,voiced,coronal,4.92324961552497,-0.529331481281572
78,it01,it01-079,29/11/2016 15:19:09,ipu_78,Dico boto lentamente,boto,204.044989,0.556916437641689,2.1718824376417,0.886916437641702,1.2969164376417,0.986916437641696,1.11254057666196,1.2369164376417,NA,1.20990379240604,0.827074121743862,1.12096195842844,293.887836684578,0,NA,NA,NA,NA,NA,NA,99.9999999999943,NA,NA,NA,125.62413902026,124.37586097974,97.3632157440818,60.0000000000023,250,409.999999999997,1.61496600000001,Italian,m,ital1282,13,boto,b,voiced,o,back,mid,t,voiceless,coronal,4.95366465919403,-0.498916437612508
79,it01,it01-080,29/11/2016 15:19:14,ipu_79,Dico paca lentamente,paca,206.464989,0.480771312925157,2.10072531292516,0.810771312925141,1.19077131292516,0.900462123614972,1.03457052161917,1.12077131292514,0.889211202422331,1.09591340672219,0.901568946027957,1.03691264655728,135.343700529326,0,0.947,1.0875,1.094,1.076,1.0185,1.1575,89.6908106898309,78.4398894971901,12.3577436056257,145.359319196842,134.108398004202,86.2007913059699,61.3428851030164,70.0000000000216,220.309189310171,380.000000000024,1.61995400000001,Italian,m,ital1282,3,paka,p,voiceless,a,central,low,k,voiceless,velar,4.93841183144705,-0.514169265359497
80,it01,it01-081,29/11/2016 15:19:19,ipu_80,Dico bodo lentamente,bodo,208.884989,0.520725961451234,2.10566896145124,0.830725961451236,1.22072596145125,0.93072596145123,1.08218953717139,1.14072596145124,NA,1.13290660615507,0.775308068380248,1.47692995918998,701.621890809729,5,NA,NA,NA,NA,NA,NA,99.9999999999943,NA,NA,NA,151.463575720157,58.5364242798505,50.7170689836869,80.0000000000125,210.000000000008,390.000000000015,1.58494300000001,Italian,m,ital1282,14,bodo,b,voiced,o,back,mid,d,voiced,coronal,5.0475001309195,-0.405080965887038
81,it01,it01-082,29/11/2016 15:19:23,ipu_81,Dico pucu lentamente,pucu,211.264989,0.532290587301588,2.11723358730157,0.852290587301582,1.24229058730157,0.966494346357393,1.06229058730156,1.16229058730158,0.939262784147644,1.12823097220439,0.968384083371951,1.09008433087456,121.700247502608,2,NA,1.1045,1.112,1.096,1.0475,1.1845,114.203759055812,86.9721968460624,29.1212992243068,123.027803153917,95.7962409441677,100.000000000023,65.9403849028308,79.9999999999841,195.79624094419,389.999999999986,1.58494299999998,Italian,m,ital1282,19,puku,p,voiceless,u,back,high,k,voiceless,velar,5.04750013091959,-0.405080965886948
82,it01,it01-083,29/11/2016 15:19:29,ipu_82,Dico paga lentamente,paga,213.66,0.66335600907027,2.18829900907028,0.953356009070262,1.31335600907028,1.04335600907027,1.20335600907026,1.26335600907026,1.01664399092968,NA,1.05347340285421,1.58392453007802,530.451127223815,5,1.083,1.2295,NA,1.217,1.1565,1.1565,90.0000000000034,63.2879818594176,36.8294119245269,186.712018140582,159.999999999997,60.0000000000023,NA,50.0000000000114,219.999999999999,360.000000000014,1.52494300000001,Italian,m,ital1282,4,paga,p,voiceless,a,central,low,g,voiced,velar,5.24609772299683,-0.206483373809708
83,it01,it01-084,29/11/2016 15:19:34,ipu_83,Dico bada lentamente,bada,216.324989,0.646440247165486,2.2313832471655,0.956440247165489,1.32644024716549,1.04644024716549,1.19700717729478,1.2564402471655,1.01963241677399,NA,0.908538485751529,1.58073121627659,672.192730525062,5,NA,NA,NA,NA,NA,NA,90.0000000000034,63.1921696084987,-111.093931022459,177.374760520792,150.566930129287,59.4330698707211,NA,69.9999999999932,210.000000000008,370.000000000005,1.58494300000001,Italian,m,ital1282,6,bada,b,voiced,a,central,low,d,voiced,coronal,5.0475001309195,-0.405080965887038
84,it01,it01-085,29/11/2016 15:19:39,ipu_84,Dico bogo lentamente,bogo,219.039955,0.725941394557793,2.29092939455779,1.0259413945578,1.41594139455779,1.12559894775458,1.26594139455781,1.33594139455781,1.11882115487248,1.3208171554904,0.96989407197838,1.64966311186622,679.769039887843,5,NA,NA,NA,NA,NA,NA,99.6575531967778,92.8797603146734,-148.927082894098,147.120239685336,140.342446803231,69.9999999999932,54.8757609325889,79.9999999999841,210.342446803224,389.999999999986,1.564988,Italian,m,ital1282,16,bogo,b,voiced,o,back,mid,g,voiced,velar,5.11186028263476,-0.340720814171785
85,it01,it01-086,29/11/2016 15:19:45,ipu_85,Dico putu lentamente,putu,221.569977,0.748208292516978,2.34816329251697,1.07820829251699,1.478208292517,1.19041889505053,1.292457893532,1.38820829251699,1.16593944563533,1.37429932451127,1.19075095043975,1.32193497915351,131.184028713759,3,1.234,1.3495,1.355,1.338,1.2865,1.3915,112.210602533537,87.7311531183409,24.8115048044173,126.518447896672,102.038998481476,95.7503989849897,81.8414309792672,90.0000000000034,197.789397466465,400.000000000006,1.59995499999999,Italian,m,ital1282,17,putu,p,voiceless,u,back,high,t,voiceless,coronal,5.00014062895521,-0.452440467851335
86,it01,it01-087,29/11/2016 15:19:50,ipu_86,Dico bata lentamente,bata,224.12,0.651156462585021,2.23111146258501,0.961156462585024,1.34115646258502,1.04115646258501,1.171156462585,1.27115646258503,1.01520745408644,1.25644457479103,0.906418373557905,1.18364450188395,277.226128326042,1,NA,NA,NA,NA,NA,NA,79.9999999999841,54.0509915014127,-108.789080528531,155.949008498567,129.999999999995,100.000000000023,85.2881122060296,69.9999999999932,230.000000000018,379.999999999995,1.57995499999998,Italian,m,ital1282,5,bata,b,voiced,a,central,low,t,voiceless,coronal,5.06343535100688,-0.389145745799658
87,it01,it01-088,29/11/2016 15:19:55,ipu_87,Dico bucu lentamente,bucu,226.809977,0.636008746031735,2.26594074603173,0.966008746031719,1.38600874603173,1.08306592619846,1.187048524651,1.29600874603173,1.06903261859705,1.25784759375657,0.924339648600225,1.20852892176051,284.189273160281,1,NA,NA,NA,NA,NA,NA,117.057180166739,103.023872565331,-144.692969996824,118.015906053955,103.982598452546,108.960221380727,70.7990691055613,90.0000000000034,212.942819833273,420.000000000016,1.629932,Italian,m,ital1282,23,buku,b,voiced,u,back,high,k,voiceless,velar,4.90818021856128,-0.544400878245266
88,it01,it01-089,29/11/2016 15:20:00,ipu_88,Dico baca lentamente,baca,229.369977,0.676643666666649,2.27659866666664,0.996643666666643,1.38664366666666,1.08671465835482,1.22471025630119,1.32664366666666,1.07872973213614,1.27812012502895,0.950804177930849,1.2293822032086,278.578025277754,0,NA,NA,NA,NA,NA,NA,90.0709916881795,82.0860654694968,-127.925554205291,145.980524165054,137.995597946372,101.933410365461,53.4098687277549,60.0000000000023,239.929008311833,390.000000000015,1.59995499999999,Italian,m,ital1282,7,baka,b,voiced,a,central,low,k,voiceless,velar,5.00014062895521,-0.452440467851335
89,it01,it01-090,29/11/2016 15:20:05,ipu_89,Dico butu lentamente,butu,231.984989,0.71424070068025,2.30920670068025,1.03424070068024,1.42424070068023,1.14961579595706,1.26234459427945,1.34424070068025,1.13177792808878,1.33371146866074,0.981034685721959,1.28734369346341,306.309007741446,3,NA,NA,NA,NA,NA,NA,115.375095276818,97.5372274085373,-150.743242366821,130.566666190674,112.728798322394,81.8961064007908,71.3668743812832,79.9999999999841,194.624904723185,389.999999999986,1.594966,Italian,m,ital1282,21,butu,b,voiced,u,back,high,t,voiceless,coronal,5.0157809006587,-0.436800196147843
90,it01,it01-091,29/11/2016 15:20:11,ipu_90,Dico bugu lentamente,bugu,234.889977,0.867664074829889,2.48761907482989,1.1676640748299,1.59766407482991,1.28668954465891,1.41302354277883,1.5076640748299,1.26596339455782,1.47676640571009,1.12015977524651,1.85329721765523,733.137442408715,5,NA,NA,NA,NA,NA,NA,119.025469829012,98.2993197279143,-145.8036193113,147.060148221016,126.333998119918,94.6405320510735,63.7428629312637,90.0000000000034,220.974530170992,430.000000000007,1.619955,Italian,m,ital1282,24,bugu,b,voiced,u,back,high,g,voiced,velar,4.93840878296001,-0.514172313846535
91,it01,it01-092,29/11/2016 15:20:17,ipu_91,Dico pudu lentamente,pudu,237.429977,0.760589244897943,2.35056724489795,1.08058924489794,1.49058924489793,1.21401920035999,1.342296798451,1.40058924489793,1.17396762161101,NA,1.21330649032878,1.72122016815615,507.913677827368,5,1.24,1.3665,1.372,1.358,1.3115,1.4075,133.429955462049,93.3783767130763,39.3388687177716,168.32917683999,128.277598091017,58.2924464469272,NA,90.0000000000034,186.570044537945,409.999999999997,1.589978,Italian,m,ital1282,18,pudu,p,voiceless,u,back,high,d,voiced,coronal,5.03151615934308,-0.421064937463464
92,it01,it01-093,29/11/2016 15:20:22,ipu_92,Dico baga lentamente,baga,239.964989,0.86911598412695,2.48902498412696,1.19911598412693,1.55911598412695,1.28911598412694,1.42887939201793,1.49911598412695,NA,1.47971343396563,1.14357068141184,1.81091016497839,667.339483566557,5,NA,NA,NA,NA,NA,NA,90.0000000000034,NA,NA,NA,139.763407890996,70.236592109012,50.8340419476951,60.0000000000023,210.000000000008,360.000000000014,1.61990900000001,Italian,m,ital1282,8,baga,b,voiced,a,central,low,g,voiced,velar,4.93854901725959,-0.514032079546952
93,it01,it01-094,29/11/2016 15:20:28,ipu_93,Dico pogo lentamente,pogo,242.504989,0.703991267573656,2.32893426757366,1.03399126757367,1.45399126757366,1.16027810197954,1.30399126757365,1.37399126757367,1.12628455818387,NA,1.14486159292193,1.70218869539123,557.327102469299,5,1.2,1.3355,1.342,1.325,1.2705,1.3925,126.286834405875,92.2932906102005,18.5770347380618,177.706709389781,143.713165594107,70.0000000000216,NA,79.9999999999841,213.713165594129,419.999999999988,1.624943,Italian,m,ital1282,12,pogo,p,voiceless,o,back,mid,g,voiced,velar,4.92324961552497,-0.529331481281572
94,it01,it01-095,29/11/2016 15:20:33,ipu_94,Dico budu lentamente,budu,245.144989,0.696916437641704,2.27682543764169,0.986916437641696,1.3869164376417,1.11841966474128,1.23600746299135,1.30691643764169,1.10536606973113,1.29692994450599,0.948847619255699,1.63337290957443,684.525290318731,5,NA,NA,NA,NA,NA,NA,131.503227099586,118.449632089437,-156.518450475434,130.64139326022,117.587798250071,70.9089746503366,60.9224815146376,80.0000000000125,188.496772900407,400.000000000006,1.57990899999999,Italian,m,ital1282,22,budu,b,voiced,u,back,high,d,voiced,coronal,5.06358277597005,-0.38899832083649
95,it01,it01-096,29/11/2016 15:20:39,ipu_95,Dico poto lentamente,poto,247.850023,0.801315517006771,2.38126951700679,1.15131551700676,1.53131551700679,1.25019277123076,1.38041396929285,1.47131551700679,1.23465936972968,1.45593792466488,1.24892222237667,1.38064307600192,131.720853625257,0,NA,NA,1.418,NA,1.4495,1.4495,98.8772542239929,83.3438527229191,14.2628526469826,145.754599563162,130.221198062088,90.9015477139405,75.5239553720344,60.0000000000023,221.122745776029,380.000000000024,1.57995400000002,Italian,m,ital1282,9,poto,p,voiceless,o,back,mid,t,voiceless,coronal,5.06343855580601,-0.389142541000535
96,it01,it01-097,29/11/2016 15:21:25,ipu_96,Dico pugu lentamente,pugu,251.109977,0.636326206349168,2.20630420634919,0.976326206349171,1.35632620634919,1.09632620634918,1.18229542558851,1.25632620634917,1.06488356812619,1.24001516014494,1.09377058103616,1.58532377519085,491.553194154694,5,1.108,1.1995,1.205,NA,1.248,1.248,120.000000000005,88.5573617770206,28.8870129099692,117.411857462315,85.9692192393311,74.0307807606655,57.7197345564287,100.000000000023,159.999999999997,380.000000000024,1.56997800000002,Italian,m,ital1282,20,pugu,p,voiceless,u,back,high,g,voiced,velar,5.09561280476535,-0.356968292041191
97,it01,it01-098,29/11/2016 15:21:30,ipu_97,Dico pada lentamente,pada,253.484989,0.642902832199525,2.2028568321995,0.952902832199499,1.30290283219952,1.04556387642384,1.1757850744859,1.24290283219952,1.03415007339055,1.23371731984824,1.04648765837814,1.5587720869319,512.284428553762,5,NA,1.2075,1.212,1.199,1.147,1.2455,92.661044224343,81.2472411910505,12.3375849875931,141.635001095352,130.22119806206,67.1177577136177,57.9322453623377,60.0000000000023,197.338955775678,350.000000000023,1.55995399999998,Italian,m,ital1282,2,pada,p,voiceless,a,central,low,d,voiced,coronal,5.12835634896934,-0.324224747837199
98,it01,it01-099,29/11/2016 15:21:35,ipu_98,Dico poco lentamente,poco,255.829977,0.491745707482977,2.06666670748297,0.811745707482942,1.19174570748294,0.915971516012178,1.03647449452177,1.12174570748294,0.89614057027876,1.09130821961332,0.910759533937635,1.05530208616161,144.542552223971,2,0.958,1.0915,NA,1.079,1.0215,1.0215,104.225808529236,84.3948627958184,14.6189636588752,140.333924243009,120.502978509592,85.2712129611746,54.8337250915552,69.9999999999932,205.774191470766,379.999999999995,1.57492099999999,Italian,m,ital1282,11,poko,p,voiceless,o,back,mid,k,voiceless,velar,5.07961986664732,-0.372961230159227
99,it01,it01-100,29/11/2016 15:21:40,ipu_99,Dico pata lentamente,pata,258.329977,0.588480401360528,2.17841240136056,0.918480401360569,1.26848040136053,0.998480401360553,1.12369174541914,1.20848040136053,NA,1.19538818768177,1.00704873185844,1.12801235623731,120.963624378871,0,NA,1.1585,1.164,1.148,1.0865,1.201,79.9999999999841,NA,NA,NA,125.211344058584,84.7886559413951,71.6964422626347,60.0000000000023,209.99999999998,349.999999999966,1.58993200000003,Italian,m,ital1282,1,pata,p,voiceless,a,central,low,t,voiceless,coronal,5.03166173144501,-0.420919365361528
100,it01,it01-101,29/11/2016 15:21:45,ipu_100,Dico boco lentamente,boco,260.819955,0.686803072562327,2.23179107256232,0.986803072562339,1.38680307256232,1.08257984186781,1.21668794952637,1.30680307256233,1.05246359327793,1.27866073864197,0.939175971379199,1.22022739722414,281.051425844939,0,NA,NA,NA,NA,NA,NA,95.7767693054734,65.6605207155963,-113.287621898736,164.22435624844,134.108107658562,90.1151230359574,61.9727891156003,79.9999999999841,224.22323069452,399.999999999977,1.54498799999999,Italian,m,ital1282,15,boko,b,voiced,o,back,mid,k,voiceless,velar,5.17803374524595,-0.274547351560589
101,it01,it01-102,29/11/2016 15:21:51,ipu_101,Dico podo lentamente,podo,263.054966,0.495328811791353,2.05029481179139,0.815328811791346,1.20532881179139,0.924892901899398,1.06648880858239,1.13210109810285,0.905251552396862,1.11773985909451,0.921236325505405,1.43751605079173,516.279725286327,5,NA,1.0955,1.1,1.086,1.0345,1.1335,109.564090108051,89.9227406055161,15.9847731085431,161.23725618553,141.595906682994,65.6122895204589,51.2510505121213,73.2277136885386,207.208196203453,390.000000000043,1.55496600000004,Italian,m,ital1282,10,podo,p,voiceless,o,back,mid,d,voiced,coronal,5.14480702471939,-0.307774072087149
102,it01,it01-103,29/11/2016 15:21:56,ipu_102,Dico boto lentamente,boto,265.8,0.720997732426326,2.29591873242629,1.03099773242633,1.43099773242631,1.14099773242634,1.2714650995768,1.3709977324263,1.11022847375278,1.34348863078196,0.986662017752791,1.28307961907486,296.417601322065,1,NA,NA,NA,NA,NA,NA,110.000000000014,79.2307413264553,-123.566455999993,161.236625824017,130.467367150459,99.5326328495025,72.0235312051614,60.0000000000023,229.999999999961,399.999999999977,1.57492099999996,Italian,m,ital1282,13,boto,b,voiced,o,back,mid,t,voiceless,coronal,5.07961986664741,-0.372961230159135
103,it01,it01-104,29/11/2016 15:22:01,ipu_103,Dico paca lentamente,paca,268.194966,0.596598653061278,2.19659865306124,0.936598653061253,1.32659865306124,1.02975934951468,1.16386745717324,1.25659865306125,1.02066829350542,1.22721330168906,1.03051454843946,1.17845013699723,147.935588557769,1,1.066,1.2105,NA,1.199,1.1375,1.1375,93.160696453424,84.0696404441701,9.84625493403879,143.199163667816,134.108107658562,92.7311958880068,63.3458445158226,69.9999999999932,226.839303546569,389.999999999986,1.59999999999997,Italian,m,ital1282,3,paka,p,voiceless,a,central,low,k,voiceless,velar,5.00000000000011,-0.452581096806435
104,it01,it01-105,29/11/2016 15:22:06,ipu_104,Dico bodo lentamente,bodo,270.599955,0.60993232426307,2.19990932426305,0.929932324263064,1.30993232426306,1.02288912692069,1.18032038373724,1.22993232426307,NA,1.22829153430735,0.883657739739231,1.5531999811658,669.542241426567,5,NA,NA,NA,NA,NA,NA,92.9568026576249,NA,NA,NA,157.431256816551,49.6119405258355,47.9711505701062,79.9999999999841,207.043197342387,379.999999999995,1.58997699999998,Italian,m,ital1282,14,bodo,b,voiced,o,back,mid,d,voiced,coronal,5.03151932386451,-0.421061772942033
105,it01,it01-106,29/11/2016 15:22:11,ipu_105,Dico pucu lentamente,pucu,273.134966,0.637188222222278,2.22217722222229,0.94718822222228,1.35718822222225,1.06129587868895,1.17110903930796,1.26718822222227,1.03484088862507,1.21524779412471,1.06283760103296,1.198242028341,135.404427308036,2,1.058,1.2035,1.209,1.195,1.1445,1.2615,114.107656466672,87.6526664027892,27.9967124078904,136.268150682895,109.813160619012,96.0791829143091,44.1387548167427,89.999999999975,205.892343533321,409.999999999968,1.58498900000001,Italian,m,ital1282,19,puku,p,voiceless,u,back,high,k,voiceless,velar,5.04735364094007,-0.40522745586647
106,it01,it01-107,29/11/2016 15:22:16,ipu_106,Dico paga lentamente,paga,275.604989,0.645896029478479,2.24086202947848,0.985896029478511,1.35589602947852,1.08040045031152,1.22714193043066,1.28589602947847,1.07065910341748,1.26278303245016,1.0814610379563,1.61253386688938,531.072828933081,5,1.094,1.2445,NA,1.23,1.1595,1.1595,94.5044208330046,84.7630739389729,10.8019345388146,156.482827013178,146.741480119147,58.7540990478033,35.6411020194969,70.00000000005,205.49557916695,370.000000000005,1.594966,Italian,m,ital1282,4,paga,p,voiceless,a,central,low,g,voiced,velar,5.0157809006587,-0.436800196147843
107,it01,it01-108,29/11/2016 15:22:21,ipu_107,Dico bada lentamente,bada,278.029977,0.632788791383234,2.24276679138325,0.972788791383266,1.32278879138323,1.05710178406457,1.20189966842059,1.27278879138328,NA,1.26421508368031,0.906712906342833,1.60436927782654,697.65637148371,5,NA,NA,NA,NA,NA,NA,84.3129926813049,NA,NA,NA,144.797884356024,70.8891229626829,62.3154152597181,49.9999999999545,215.687007318707,349.999999999966,1.60997800000001,Italian,m,ital1282,6,bada,b,voiced,a,central,low,d,voiced,coronal,4.96901199892169,-0.483569097884856
108,it01,it01-109,29/11/2016 15:22:26,ipu_108,Dico bogo lentamente,bogo,280.674966,0.700362825396837,2.32031782539684,1.00036282539685,1.39036282539684,1.09638763128743,1.24312911140657,1.32036282539684,NA,1.31387122123135,0.949186803482075,1.6433406907013,694.153887219226,5,NA,NA,NA,NA,NA,NA,96.0248058905791,NA,NA,NA,146.741480119147,77.2337139902675,70.7421098247778,69.9999999999932,223.975194109414,389.999999999986,1.619955,Italian,m,ital1282,16,bogo,b,voiced,o,back,mid,g,voiced,velar,4.93840878296001,-0.514172313846535
109,it01,it01-110,29/11/2016 15:22:31,ipu_109,Dico putu lentamente,putu,283.344989,0.630431176870786,2.15537417687079,0.880431176870786,1.29043117687081,0.985138798361902,1.11341611873098,1.19043117687079,0.962098193565169,1.18853733826325,0.990642850469977,1.13617681602883,145.53396555885,2,1.056,1.1635,1.169,1.154,1.1055,1.2065,104.707621491116,81.6670166943823,28.5446569048082,151.317925165813,128.277320369079,77.015058139807,75.1212195322637,100.000000000023,205.292378508887,410.000000000025,1.52494300000001,Italian,m,ital1282,17,putu,p,voiceless,u,back,high,t,voiceless,coronal,5.24609772299683,-0.206483373809708
110,it01,it01-111,29/11/2016 15:22:36,ipu_110,Dico bata lentamente,bata,285.749977,0.643763848072581,2.21374184807257,0.973763848072565,1.34376384807257,1.05435546086972,1.18943536640984,1.27464333072305,NA,1.26405561425662,0.914309109462813,1.19387236828949,279.563258826676,0,NA,NA,NA,NA,NA,NA,80.59161279715,NA,NA,NA,135.079905540124,85.2079643132129,74.6202478467808,69.1205173495177,220.287869853337,370.000000000005,1.56997799999999,Italian,m,ital1282,5,bata,b,voiced,a,central,low,t,voiceless,coronal,5.09561280476544,-0.356968292041098
111,it01,it01-112,29/11/2016 15:22:41,ipu_111,Dico bucu lentamente,bucu,288.254966,0.687437655328836,2.3473926553288,1.02743765532881,1.42743765532879,1.14388813937035,1.23815253388398,1.33743765532881,1.11509076543791,1.30213930668992,0.973157500355396,1.25649713842459,283.339638069198,1,NA,NA,NA,NA,NA,NA,116.450484041536,87.6531101091018,-141.933265082516,123.061768446064,94.2643945136297,99.2851214448365,63.9867728059471,89.999999999975,193.549515958466,399.999999999977,1.65995499999997,Italian,m,ital1282,23,buku,b,voiced,u,back,high,k,voiceless,velar,4.8194077550296,-0.633173341776946
112,it01,it01-113,29/11/2016 15:22:47,ipu_112,Dico baca lentamente,baca,290.769977,0.625033689342388,2.23999968934243,0.955033689342429,1.32503368934238,1.04169322295633,1.18066032002281,1.27503368934242,NA,1.23765383381135,0.894913805423939,1.18274047829854,287.8266728746,0,NA,NA,NA,NA,NA,NA,86.6595336138971,NA,NA,NA,138.967097066484,94.3733693196123,56.9935137885409,49.9999999999545,233.340466386096,369.999999999948,1.61496600000004,Italian,m,ital1282,7,baka,b,voiced,a,central,low,k,voiceless,velar,4.95366465919395,-0.498916437612595
113,it01,it01-114,29/11/2016 15:22:52,ipu_113,Dico butu lentamente,butu,293.589977,0.716689018140585,2.31664401814061,1.00668901814061,1.4466890181406,1.1301814607462,1.23513563195723,1.31668901814061,1.1059736190557,1.30929398266517,0.968216292399598,1.24498061790915,276.764325509555,1,NA,NA,NA,NA,NA,NA,123.492442605595,99.2846009150981,-137.757326656105,129.162012901531,104.954171211034,81.5533861833728,74.1583507079326,129.999999999995,186.507557394407,439.999999999998,1.59995500000002,Italian,m,ital1282,21,butu,b,voiced,u,back,high,t,voiceless,coronal,5.00014062895512,-0.452440467851424
114,it01,it01-115,29/11/2016 15:22:57,ipu_114,Dico bugu lentamente,bugu,296.209977,0.689614188208623,2.28956918820865,0.999614188208625,1.40961418820865,1.12255579530358,1.23315651834719,1.32961418820867,1.110658960698,1.29697805360104,0.970311322728732,1.63553654604827,665.225223319539,5,NA,NA,NA,NA,NA,NA,122.941607094958,111.044772489379,-140.347637969272,122.497557649183,110.600723043603,96.4576698614792,63.8215352538509,79.9999999999841,207.058392905083,410.000000000025,1.59995500000002,Italian,m,ital1282,24,bugu,b,voiced,u,back,high,g,voiced,velar,5.00014062895512,-0.452440467851424
115,it01,it01-116,29/11/2016 15:23:03,ipu_115,Dico pudu lentamente,pudu,298.589977,0.585079040816311,2.15501104081636,0.885079040816322,1.27507904081631,1.00507904081633,1.13419094679216,1.18507904081633,0.965313616112098,1.18013521928816,1.00245780621404,1.49039001452895,487.93220831491,5,1.055,1.1615,1.166,1.15,1.0985,1.1945,120.000000000005,80.2345752957763,37.1441901019378,168.877330680061,129.111905975833,50.8880940241738,45.9442724960013,89.999999999975,180.000000000007,389.999999999986,1.56993200000005,Italian,m,ital1282,18,pudu,p,voiceless,u,back,high,d,voiced,coronal,5.09576210944152,-0.356818987365025
116,it01,it01-117,29/11/2016 15:23:08,ipu_116,Dico baga lentamente,baga,301.289977,0.70766407482995,2.28761907482993,1.03766407482993,1.3876640748299,1.12766407482991,1.26805840894167,1.32766407482995,NA,NA,0.964513124355189,1.64857949412734,684.066369772154,5,NA,NA,NA,NA,NA,NA,89.999999999975,NA,NA,NA,140.394334111761,59.6056658882844,NA,59.9999999999454,200.000000000045,349.999999999966,1.57995499999998,Italian,m,ital1282,8,baga,b,voiced,a,central,low,g,voiced,velar,5.06343535100688,-0.389145745799658
117,it01,it01-118,29/11/2016 15:23:14,ipu_117,Dico pogo lentamente,pogo,303.794966,0.449478471655311,2.06943347165532,0.799478471655334,1.16947847165534,0.889212169291056,1.02746307309553,1.09947847165535,0.869644946793699,NA,0.892405304340628,1.4138431301795,521.437825838871,5,0.907,1.0525,1.061,1.039,0.9675,1.1235,89.7336976357224,70.1664751383646,22.7603575469294,157.818126301834,138.250903804476,72.0153985598131,NA,69.9999999999932,210.266302364289,370.000000000005,1.619955,Italian,m,ital1282,12,pogo,p,voiceless,o,back,mid,g,voiced,velar,4.93840878296001,-0.514172313846535
118,it01,it01-119,29/11/2016 15:23:19,ipu_118,Dico budu lentamente,budu,306.275011,0.537868142857121,2.11782314285711,0.847868142857124,1.2478681428571,0.967264866082132,1.09629904296628,1.15786814285713,0.957117161166707,1.15251701299798,0.80666512007045,1.47177236911323,665.107249042784,5,NA,NA,NA,NA,NA,NA,119.396723225009,109.249018309583,-150.452041096257,139.181881799573,129.034176884147,61.5690998908462,56.217970031696,89.999999999975,190.603276774993,399.999999999977,1.57995499999998,Italian,m,ital1282,22,budu,b,voiced,u,back,high,d,voiced,coronal,5.06343535100688,-0.389145745799658
119,it01,it01-120,29/11/2016 15:23:25,ipu_119,Dico poto lentamente,poto,308.984989,0.565941380952324,2.14090738095234,0.885941380952318,1.27594138095236,0.980573826896261,1.11268024608722,1.19594138095232,0.961471076002681,1.18674731501847,0.970205425468625,1.11738183894252,147.176413473891,0,1.044,1.1515,1.159,1.144,1.0935,1.2015,94.6324459439438,75.5296950503634,8.73434946594398,151.209170084542,132.106419190961,83.2611348650971,74.0670689312424,80.0000000000409,215.367554056058,390.000000000043,1.57496600000002,Italian,m,ital1282,9,poto,p,voiceless,o,back,mid,t,voiceless,coronal,5.07947473151796,-0.373106365288585
120,it01,it01-121,29/11/2016 15:24:07,ipu_120,Dico pugu lentamente,pugu,312.264989,1.14081666439904,2.68575966439903,1.45081666439904,1.84081666439903,1.57026826374829,1.67165225987156,1.75081666439905,1.54093017254826,1.72694996365573,1.56951530059558,1.71072434092619,141.209040330615,4,1.571,1.7035,NA,1.697,1.6535,1.6535,119.451599349247,90.1135081492157,28.5851280473193,130.722087323306,101.383996123275,79.1644045274893,55.2977037841629,89.999999999975,180.548400650764,389.999999999986,1.54494299999999,Italian,m,ital1282,20,pugu,p,voiceless,u,back,high,g,voiced,velar,5.17818456732712,-0.274396529479427
121,it01,it01-122,29/11/2016 15:24:12,ipu_121,Dico pada lentamente,pada,314.704989,0.539002605442136,2.09891160544214,0.839002605442147,1.1990026054421,0.937638470092622,1.07281713159034,1.1390026054421,0.924601987889503,1.13082297040353,0.938732085864031,1.46364006342894,524.907977564911,5,1.028,1.1045,1.11,1.095,1.0375,1.1445,98.6358646504755,85.5993824473558,14.1300979745286,148.215143700838,135.178661497719,66.1854738517604,58.0058388131874,60.0000000000023,201.364135349479,359.999999999957,1.559909,Italian,m,ital1282,2,pada,p,voiceless,a,central,low,d,voiced,coronal,5.12850429095542,-0.324076805851123
122,it01,it01-123,29/11/2016 15:24:17,ipu_122,Dico poco lentamente,poco,317.184989,0.406757707482939,1.93673470748297,0.716757707482941,1.07675770748295,0.818327988301121,0.934049115189339,1.01675770748295,0.80054156227402,0.99129123465508,0.824221187550188,0.951249161435847,127.02797388566,2,0.838,0.9775,NA,0.965,0.9095,0.9095,101.57028081818,83.7838547910792,23.6796252761674,133.507552915319,115.721126888218,82.7085922936135,57.2421194657409,60.0000000000023,198.429719181831,360.000000000014,1.52997700000003,Italian,m,ital1282,11,poko,p,voiceless,o,back,mid,k,voiceless,velar,5.22883677336315,-0.223744323443388
123,it01,it01-124,29/11/2016 15:24:22,ipu_123,Dico pata lentamente,pata,319.449977,0.489069970521484,2.06906997052147,0.819069970521468,1.18906997052147,0.912352119904313,1.03421773140605,1.11906997052148,0.899556726717208,1.10823293843407,0.912593349974164,1.03676879975782,124.175449783655,0,NA,1.0715,1.078,1.062,0.997,1.1175,93.2821493828442,80.4867561957394,13.0366232569559,134.661004688837,121.865611501732,84.8522391154347,74.015207028026,69.9999999999932,206.717850617167,370.000000000005,1.57999999999998,Italian,m,ital1282,1,pata,p,voiceless,a,central,low,t,voiceless,coronal,5.06329113924056,-0.389289957565985
124,it01,it01-125,29/11/2016 15:24:27,ipu_124,Dico boco lentamente,boco,321.709977,0.438684482993153,2.07360548299317,0.748684482993156,1.14868448299319,0.848684482993178,0.974658166481163,1.06868448299315,NA,1.05094853075246,0.71112619252669,0.981450370022298,270.324177495608,0,NA,NA,NA,NA,NA,NA,100.000000000023,NA,NA,NA,125.973683487985,94.0263165119859,76.2903642713013,80.0000000000409,219.99999999997,400.000000000034,1.63492100000002,Italian,m,ital1282,15,boko,b,voiced,o,back,mid,k,voiceless,velar,4.89320279083815,-0.559378305968389
125,it01,it01-126,29/11/2016 15:24:32,ipu_125,Dico podo lentamente,podo,323.994966,0.459727904761849,2.06471690476189,0.78972790476189,1.15972790476189,0.882956963559252,1.02428010967049,1.07972790476185,0.867206358250883,1.07921655787862,0.884376868339699,1.41459487806908,530.218009729381,5,0.953,1.0585,1.063,1.051,1.0075,1.0965,93.2290587973625,77.4784534889932,17.170510088816,157.073751419603,141.323146111233,55.4477950913679,54.9364482081387,80.0000000000409,196.770941202601,370.000000000005,1.60498900000005,Italian,m,ital1282,10,podo,p,voiceless,o,back,mid,d,voiced,coronal,4.9844578374056,-0.468123259400945
126,it01,it01-127,29/11/2016 15:24:37,ipu_126,Dico boto lentamente,boto,326.309977,0.487573371882036,2.11251737188201,0.807573371882029,1.17757337188203,0.897573371882004,1.02513394271358,1.12757337188202,0.871101442388124,1.09861321080621,0.76505897820019,1.02808560155562,263.02662335543,0,NA,NA,NA,NA,NA,NA,89.999999999975,63.528070506095,-106.042464187934,154.032500325457,127.560570831577,102.439429168442,73.4792680926262,50.0000000000114,230.000000000018,370.000000000005,1.62494399999997,Italian,m,ital1282,13,boto,b,voiced,o,back,mid,t,voiceless,coronal,4.92324658572858,-0.529334511077961
127,it01,it01-128,29/11/2016 15:24:42,ipu_127,Dico paca lentamente,paca,328.7,0.520770975056621,2.11070297505665,0.840770975056614,1.21077097505662,0.920770975056655,1.05959642906566,1.16077097505661,NA,1.12778370433961,0.930795431482185,1.07458318638836,143.787754906172,1,0.968,1.1095,NA,1.098,1.0405,1.0405,80.0000000000409,NA,NA,NA,138.825454009009,101.174545990943,68.1872752739423,50.0000000000114,239.999999999952,370.000000000005,1.58993200000003,Italian,m,ital1282,3,paka,p,voiceless,a,central,low,k,voiceless,velar,5.03166173144501,-0.420919365361528
128,it01,it01-129,29/11/2016 15:24:47,ipu_128,Dico bodo lentamente,bodo,331.094966,0.477641736961402,2.06263073696141,0.787641736961405,1.17764173696139,0.892699511152046,1.03607081880114,1.09764173696141,NA,NA,0.753791130522567,1.40933795489104,655.546824368472,5,NA,NA,NA,NA,NA,NA,105.057774190641,NA,NA,NA,143.37130764909,61.5709181602711,NA,79.9999999999841,204.942225809361,389.999999999986,1.58498900000001,Italian,m,ital1282,14,bodo,b,voiced,o,back,mid,d,voiced,coronal,5.04735364094007,-0.40522745586647
129,it01,it01-130,29/11/2016 15:24:52,ipu_129,Dico pucu lentamente,pucu,333.539955,0.519365430839002,2.09936543083899,0.819365430838957,1.21936543083899,0.928039967068685,1.03249620549872,1.12936543083896,0.907946613721379,1.10284479142041,0.91967432075982,1.0618114578157,142.137137055878,3,0.963,1.0675,1.075,1.06,1.0125,1.1245,108.674536229728,88.5811828824217,11.7277070384417,124.549591777338,104.456238430032,96.8692253402423,70.3485859216926,90.0000000000318,201.325463770274,400.000000000034,1.57999999999998,Italian,m,ital1282,19,puku,p,voiceless,u,back,high,k,voiceless,velar,5.06329113924056,-0.389289957565985
130,it01,it01-131,29/11/2016 15:24:57,ipu_130,Dico paga lentamente,paga,336.324989,0.518004873015855,2.10798187301583,0.828004873015857,1.18800487301581,0.920353341429916,1.06800487301587,1.13800487301586,0.905794799495027,1.11097539455778,0.921377802141429,1.45516333512491,533.785532983476,5,0.975,1.1175,NA,1.106,1.0425,1.0425,92.348468414059,77.7899264791699,15.5830026464026,162.210073520839,147.65153158595,69.9999999999932,42.9705215419176,49.9999999999545,217.651531585943,359.999999999957,1.58997699999998,Italian,m,ital1282,4,paga,p,voiceless,a,central,low,g,voiced,velar,5.03151932386451,-0.421061772942033
131,it01,it01-132,29/11/2016 15:25:02,ipu_131,Dico bada lentamente,bada,338.784989,0.481859748299257,2.07682574829926,0.79185974829926,1.17185974829926,0.891859748299282,1.04185974829926,1.11185974829925,0.885144701387844,1.10098255000923,0.751279617035677,1.42697450444099,675.694887405316,5,NA,NA,NA,NA,NA,NA,100.000000000023,93.2849530885846,-133.865084352167,156.715046911415,149.999999999977,69.9999999999932,59.1228017099752,60.0000000000023,219.99999999997,379.999999999995,1.594966,Italian,m,ital1282,6,bada,b,voiced,a,central,low,d,voiced,coronal,5.0157809006587,-0.436800196147843
132,it01,it01-133,29/11/2016 15:25:07,ipu_132,Dico bogo lentamente,bogo,341.354966,0.567301600906944,2.15732460090698,0.877301600906947,1.28730160090697,0.98730160090696,1.13730160090694,1.21730160090698,NA,NA,0.840720701099391,1.53363068778475,692.909986685361,5,NA,NA,NA,NA,NA,NA,110.000000000014,NA,NA,NA,149.999999999977,80.0000000000409,NA,69.9999999999932,230.000000000018,410.000000000025,1.59002300000003,Italian,m,ital1282,16,bogo,b,voiced,o,back,mid,g,voiced,velar,5.03137376000212,-0.421207336804425
133,it01,it01-134,29/11/2016 15:25:12,ipu_133,Dico putu lentamente,putu,343.82,0.512970521541888,2.11795952154188,0.842970521541872,1.2529705215419,0.953880303368408,1.0629705215419,1.14297052154188,0.928310943200415,1.14266660282738,0.955582533589564,1.07741026104363,121.827727454065,1,0.995,1.1135,1.119,1.105,1.0515,1.1565,110.909781826535,85.3404216585432,27.2715903891485,134.659578341484,109.090218173492,79.9999999999841,79.6960812854763,110.000000000014,189.090218173476,410.000000000025,1.60498899999999,Italian,m,ital1282,17,putu,p,voiceless,u,back,high,t,voiceless,coronal,4.98445783740577,-0.468123259400769
134,it01,it01-135,29/11/2016 15:25:18,ipu_134,Dico bata lentamente,bata,346.575011,0.713786510204045,2.24870751020404,0.963786510204045,1.34378651020404,1.05232207183747,1.18238032949057,1.27378651020405,NA,1.26189235527357,0.92069841322737,1.18545416233263,264.75574910526,0,NA,NA,NA,NA,NA,NA,88.5355616334209,NA,NA,NA,130.058257653104,91.4061807134772,79.5120257830035,69.9999999999932,221.464438366581,379.999999999995,1.534921,Italian,m,ital1282,5,bata,b,voiced,a,central,low,t,voiceless,coronal,5.21199462382756,-0.240586472978986
135,it01,it01-136,29/11/2016 15:25:24,ipu_135,Dico bucu lentamente,bucu,349.36,0.58467120181399,2.18462620181396,0.894671201813992,1.31467120181395,1.00633861346978,1.11796341728228,1.21467120181399,0.984175636164196,1.17922499792121,0.848857915397538,1.13869011608059,289.832200683048,2,NA,NA,NA,NA,NA,NA,111.667411655787,89.5044343502036,-135.317720766657,133.787781118087,111.624803812504,96.7077845317022,61.2615806389272,99.9999999999659,208.332588344206,419.999999999959,1.59995499999997,Italian,m,ital1282,23,buku,b,voiced,u,back,high,k,voiceless,velar,5.0001406289553,-0.452440467851246
136,it01,it01-137,29/11/2016 15:25:29,ipu_136,Dico baca lentamente,baca,352.235011,0.708117575963627,2.28303857596364,1.00811757596364,1.38811757596363,1.09411154460554,1.23748285225463,1.33811757596362,NA,1.29893276771151,0.959426170982929,1.24158021263086,282.154041647927,0,NA,NA,NA,NA,NA,NA,85.9939686419011,NA,NA,NA,143.37130764909,100.634723708993,61.4499154568762,50.0000000000114,244.006031358083,379.999999999995,1.57492100000002,Italian,m,ital1282,7,baka,b,voiced,a,central,low,k,voiceless,velar,5.07961986664722,-0.372961230159319
137,it01,it01-138,29/11/2016 15:25:35,ipu_137,Dico butu lentamente,butu,354.864989,0.563310995464747,2.14829899546476,0.863310995464758,1.31331099546475,0.992020299780677,1.12310263820268,1.20331099546479,NA,1.19037284002917,0.808408322027707,1.14254786812003,334.13954609232,2,NA,NA,NA,NA,NA,NA,128.709304315919,NA,NA,NA,131.082338422004,80.2083572621086,67.2702018264886,109.999999999957,211.290695684113,449.999999999989,1.58498800000001,Italian,m,ital1282,21,butu,b,voiced,u,back,high,t,voiceless,coronal,5.04735682541442,-0.405224271392122
138,it01,it01-139,29/11/2016 15:25:41,ipu_138,Dico bugu lentamente,bugu,357.394966,0.724852621315108,2.40480762131512,1.05485262131509,1.4848526213151,1.18485262131509,1.30155217051004,1.40485262131512,1.14525328062024,1.37312759287704,1.01111535056155,1.74918159713397,738.066246572421,5,NA,NA,NA,NA,NA,NA,129.999999999995,90.4006593051463,-134.137930058694,156.298889889797,116.699549194948,103.300450805079,71.5754223670047,79.9999999999841,220.000000000027,430.000000000007,1.67995500000001,Italian,m,ital1282,24,bugu,b,voiced,u,back,high,g,voiced,velar,4.76203231634179,-0.690548780464754
139,it01,it01-140,29/11/2016 15:25:46,ipu_139,Dico pudu lentamente,pudu,360.295011,0.675963380952283,2.26589538095232,0.985963380952285,1.4059633809523,1.10620332522626,1.22704485595904,1.2859633809523,1.08277478963544,1.27807532336851,1.10461247232907,1.5991764063356,494.563934006533,5,1.168,1.2565,1.261,1.25,1.2145,1.294,120.239944273976,96.811408683152,21.837682693632,144.2700663236,120.841530732775,58.9185249932598,51.0304674094755,120.000000000005,179.760055726035,420.000000000016,1.58993200000003,Italian,m,ital1282,18,pudu,p,voiceless,u,back,high,d,voiced,coronal,5.03166173144501,-0.420919365361528
140,it01,it01-141,29/11/2016 15:25:52,ipu_140,Dico baga lentamente,baga,363.119955,0.714512823129155,2.27451282312916,1.02451282312916,1.37451282312912,1.11451282312913,1.25632384816817,1.32451282312917,NA,1.29946442024027,0.971632671390593,1.6536977097473,682.065038356707,5,NA,NA,NA,NA,NA,NA,89.999999999975,NA,NA,NA,141.811025039033,68.1889749610036,43.1405720721045,49.9999999999545,210.000000000036,349.999999999966,1.56,Italian,m,ital1282,8,baga,b,voiced,a,central,low,g,voiced,velar,5.12820512820512,-0.324375968601421
141,it01,it01-142,29/11/2016 15:25:57,ipu_141,Dico pogo lentamente,pogo,365.794966,0.556689356008974,2.09668935600899,0.876689356008967,1.23668935600898,0.964828078974335,1.09795857893425,1.16668935600899,0.940016769874205,1.15674548870214,0.964595606086776,1.48246882247218,517.873216385408,5,0.989,1.1285,1.137,1.116,1.0555,1.1995,88.1387229653683,63.3274138652382,24.5788362125711,157.941809060048,133.130499959918,68.7307770747339,58.786909767889,69.9999999999932,201.861277034652,360.000000000014,1.54000000000002,Italian,m,ital1282,12,pogo,p,voiceless,o,back,mid,g,voiced,velar,5.19480519480513,-0.257775902001416
142,it01,it01-143,29/11/2016 15:26:03,ipu_142,Dico budu lentamente,budu,368.28,0.522358276643899,2.12231327664392,0.822358276643911,1.21235827664395,0.943845100434658,1.06878295424315,1.12235827664392,0.926210539818442,1.11618596116239,0.793041483136116,1.44466818357953,651.626700443418,5,NA,NA,NA,NA,NA,NA,121.486823790747,103.852263174531,-133.169056682325,142.572414424706,124.93785380849,53.5753224007749,47.4030069192395,90.0000000000318,178.513176209265,390.000000000043,1.59995500000002,Italian,m,ital1282,22,budu,b,voiced,u,back,high,d,voiced,coronal,5.00014062895512,-0.452440467851424
143,it01,it01-144,29/11/2016 15:26:08,ipu_143,Dico poto lentamente,poto,370.84,0.586213151927325,2.08621315192733,0.836213151927325,1.20621315192733,0.925437565933237,1.06164030819991,1.14621315192733,0.9077833976433,1.13246003861627,0.915603036496714,1.07540437535176,159.801338855048,1,0.955,1.0925,1.098,1.084,1.0235,1.1375,89.224414005912,71.570245715975,7.81963885341397,153.856910556613,136.202742266676,84.5728437274147,70.8197304163605,60.0000000000023,220.77558599409,370.000000000005,1.5,Italian,m,ital1282,9,poto,p,voiceless,o,back,mid,t,voiceless,coronal,5.33333333333333,-0.119247763473209
