"sc01"	1.6305	"29/11/2016 15:10:47"	"Dico pugu lentamente"	"max_TD"	72.7314	8.7948	7.8373	82.7952	-1.3218	0.6695	"*"	"*"	"*"	"*"	"*"	"*"	"*"	"*"	"*"	"*"	"*"	"*"	"*"	"*"	"*"	"*"	"*"	"*"	"*"	"*"	21.6527	6.715	18.8026	7.1301	15.9478	8.2546	13.0142	9.1086	9.9444	11.0608	6.87	11.3247	3.6912	12.0213	0.5715	11.8777	-2.8057	12.7545	-6.0866	12.7691	-9.4886	12.9477	-12.8401	12.7037	-16.0426	11.8906	-18.9005	10.2161	-21.3439	7.7632	-23.2254	4.4564	-24.3795	0.2368	-24.7007	-4.8266	-24.3948	-10.2166	-24.1269	-14.959	-23.5245	-19.6171	-23.4954	-23.1671	-22.6124	-27.2913	-22.408	-30.3818	-21.9262	-33.4752	-22.2163	-35.7019	-22.1597	-38.0697	-22.3111	-40.1557	-22.955	-41.8341	-24.2248	-43.1226	"*"	"*"	-27.7835	-45.3471
"sc01"	1.625	"29/11/2016 15:10:47"	"Dico pugu lentamente"	"NONS_TD"	72.6617	1.9493	0.8125	82.8085	2.8725	3.5133	"*"	"*"	"*"	"*"	"*"	"*"	"*"	"*"	"*"	"*"	"*"	"*"	"*"	"*"	"*"	"*"	"*"	"*"	"*"	"*"	21.6847	7.0319	18.8707	8.2458	15.9658	9.1039	12.9977	9.9994	9.9412	11.1153	6.8463	11.5655	3.6573	12.2666	0.4359	12.6343	-2.9241	13.2912	-6.2254	13.298	-9.5625	13.1894	-12.8812	12.8214	-16.121	12.0891	-18.8736	10.1552	-21.3643	7.8049	-23.2896	4.5753	-24.4638	0.3791	-24.6177	-4.9549	-24.2459	-10.4277	-24.1899	-14.8767	-23.9889	-19.0583	-23.9538	-22.6581	-22.9678	-26.9269	-22.476	-30.3175	-21.6367	-33.7284	-21.8542	-35.994	-21.7569	-38.369	-22.1861	-40.2411	-22.9268	-41.8518	-24.2051	-43.1339	"*"	"*"	-27.7527	-45.3616
"sc01"	1.5745	"29/11/2016 15:10:47"	"Dico pugu lentamente"	"peak1_TD"	73.5907	-39.5679	40.0162	81.998	17.5304	17.5915	49.4591	-0.6771	"*"	"*"	"*"	"*"	"*"	"*"	"*"	"*"	"*"	"*"	"*"	"*"	"*"	"*"	"*"	"*"	"*"	"*"	"*"	"*"	"*"	"*"	15.9273	7.2878	13.0542	6.9486	10.13	7.8757	7.1187	8.7923	3.9189	10.3775	0.7283	11.0026	-2.5474	11.5828	-5.8676	11.9349	-9.3692	12.5567	-12.8774	12.8106	-16.0842	11.9961	-18.6686	9.6907	-20.9127	6.8825	-22.3568	2.8471	-24.1088	-0.2203	-25.4247	-3.7078	-26.1214	-7.7674	-26.1133	-12.3663	-25.9522	-16.6963	-25.2375	-21.2328	-25.1795	-24.6591	-24.131	-28.7501	-24.1838	-31.5012	-23.8068	-34.4189	-23.5853	-37.0102	-23.6325	-39.2528	-23.5125	-41.4849	-24.2298	-43.1197	-25.9985	-44.1904	-27.328	-45.5618
"sc01"	1.5745	"29/11/2016 15:10:47"	"Dico pugu lentamente"	"peak2_TD"	73.5907	-39.5679	40.0162	81.998	17.5304	17.5915	49.4591	-0.6771	"*"	"*"	"*"	"*"	"*"	"*"	"*"	"*"	"*"	"*"	"*"	"*"	"*"	"*"	"*"	"*"	"*"	"*"	"*"	"*"	"*"	"*"	15.9273	7.2878	13.0542	6.9486	10.13	7.8757	7.1187	8.7923	3.9189	10.3775	0.7283	11.0026	-2.5474	11.5828	-5.8676	11.9349	-9.3692	12.5567	-12.8774	12.8106	-16.0842	11.9961	-18.6686	9.6907	-20.9127	6.8825	-22.3568	2.8471	-24.1088	-0.2203	-25.4247	-3.7078	-26.1214	-7.7674	-26.1133	-12.3663	-25.9522	-16.6963	-25.2375	-21.2328	-25.1795	-24.6591	-24.131	-28.7501	-24.1838	-31.5012	-23.8068	-34.4189	-23.5853	-37.0102	-23.6325	-39.2528	-23.5125	-41.4849	-24.2298	-43.1197	-25.9985	-44.1904	-27.328	-45.5618
"sc01"	1.1115	"29/11/2016 15:10:52"	"Dico pada lentamente"	"max_TT"	77.4176	-7.1774	4.5586	67.5703	-19.9928	20.8817	"*"	"*"	"*"	"*"	"*"	"*"	"*"	"*"	"*"	"*"	"*"	"*"	34.4395	10.3114	31.3903	10.8938	28.3454	11.4528	25.2498	11.656	22.1456	11.5983	19.061	11.3669	16.0102	11.2003	12.9757	11.1897	9.9397	11.1418	6.9211	10.8039	4.1091	9.0038	1.4066	7.2173	-0.9731	4.4431	-3.4083	2.5671	-5.6286	0.3098	-7.8133	-1.6834	-9.8559	-3.7876	-11.8309	-5.8059	-13.7207	-7.8089	-15.5677	-9.7305	-17.2859	-11.7417	-19.1538	-13.3979	-20.8628	-15.2266	-22.4134	-17.1955	-23.8949	-19.1714	-25.6783	-20.7434	-27.1029	-22.687	-28.2089	-24.8881	-28.8913	-27.3847	-29.8131	-29.5737	-30.8643	-31.6009	-31.7952	-33.6758	-32.3026	-35.9777	-32.8011	-38.2122	-33.7822	-40.1353	-34.9351	-41.9752
"sc01"	1.116	"29/11/2016 15:10:52"	"Dico pada lentamente"	"NOFF_TT"	77.3493	-15.9798	13.5231	67.5139	-16.861	17.7269	"*"	"*"	"*"	"*"	"*"	"*"	"*"	"*"	"*"	"*"	"*"	"*"	34.3928	10.1355	31.3567	10.7435	28.3296	11.3659	25.2477	11.6406	22.1526	11.6676	19.0659	11.4481	16.0117	11.2698	12.9746	11.2471	9.9352	11.2181	6.9147	10.8696	4.0848	9.1796	1.3874	7.3246	-0.9767	4.4594	-3.3761	2.4442	-5.5956	0.2018	-7.8023	-1.7149	-9.8203	-3.8778	-11.8489	-5.7651	-13.7134	-7.8237	-15.5879	-9.6931	-17.2365	-11.8253	-19.117	-13.4547	-20.8302	-15.2729	-22.3765	-17.2436	-23.854	-19.2206	-25.6534	-20.771	-27.0741	-22.7165	-28.1951	-24.9012	-28.8425	-27.4274	-29.7475	-29.6266	-30.7762	-31.6663	-31.6974	-33.7426	-32.2271	-36.025	-32.8051	-38.2099	-33.8582	-40.0957	-35.0695	-41.9118
"sc01"	1.102	"29/11/2016 15:10:52"	"Dico pada lentamente"	"NONS_TT"	77.3999	22.3045	25.2838	67.7807	-29.3961	30.2773	"*"	"*"	"*"	"*"	"*"	"*"	"*"	"*"	"*"	"*"	"*"	"*"	34.5364	10.6764	31.4597	11.2044	28.3773	11.6283	25.2536	11.6827	22.1309	11.4522	19.0506	11.196	16.0071	11.052	12.978	11.0644	9.9492	10.9781	6.9351	10.6617	4.1599	8.6369	1.4481	6.9859	-0.9649	4.4058	-3.4742	2.818	-5.6986	0.5392	-7.8374	-1.6145	-9.9311	-3.597	-11.7944	-5.8888	-13.737	-7.7756	-15.5269	-9.8061	-17.3906	-11.5651	-19.2316	-13.2777	-20.9318	-15.1287	-22.4933	-17.0912	-23.9843	-19.0639	-25.7336	-20.682	-27.1668	-22.6214	-28.2448	-24.8541	-29.0013	-27.2885	-29.9552	-29.4591	-31.0507	-31.4623	-32.002	-33.5345	-32.4697	-35.873	-32.8011	-38.2122	-33.6305	-40.2143	-34.6527	-42.1083
"sc01"	1.0485	"29/11/2016 15:10:52"	"Dico pada lentamente"	"peak1_TT"	72.4884	122.7398	122.8466	70.294	-52.3548	52.2289	"*"	"*"	"*"	"*"	"*"	"*"	"*"	"*"	"*"	"*"	"*"	"*"	33.066	5.1362	30.2179	5.6438	27.3533	6.0013	24.4835	6.2301	21.6146	6.3378	18.7573	6.3869	15.9119	6.5634	13.0597	6.6473	10.2029	6.6243	7.3475	6.4631	4.5006	6.1769	1.647	5.876	-1.1939	5.4445	-3.9159	4.5005	-6.4162	2.8885	-8.675	0.7827	-10.7363	-1.5567	-12.7926	-3.6265	-14.7174	-5.7729	-16.5502	-7.9103	-18.1767	-10.2376	-19.7967	-12.4045	-21.7454	-13.9747	-23.3537	-15.9682	-24.7803	-18.1062	-26.2984	-20.0548	-27.6479	-22.1282	-29.0138	-24.1258	-30.4349	-26.035	-31.8661	-27.9176	-33.1883	-29.8738	-34.3156	-31.9537	-34.4688	-34.6205	-35.5291	-36.6503	-36.6607	-38.6357	-37.6243	-40.7072
"sc01"	1.1485	"29/11/2016 15:10:52"	"Dico pada lentamente"	"peak2_TT"	75.2691	-56.818	56.9897	67.367	5.7678	5.3234	50.443	1.1342	"*"	"*"	"*"	"*"	"*"	"*"	"*"	"*"	36.5906	6.7601	33.7304	7.6397	30.8113	8.3011	27.8451	8.7035	24.8789	9.0302	21.919	9.3528	18.9583	9.6831	15.981	9.8214	13.0017	9.7817	10.0247	9.6817	7.0568	9.4221	4.2828	7.7499	1.6054	6.108	-0.7994	3.6553	-3.2641	2.0177	-5.4962	-0.1236	-7.8434	-1.5973	-9.9485	-3.553	-11.8699	-5.7175	-13.5397	-8.1786	-15.3469	-10.1397	-17.2308	-11.8348	-19.1524	-13.4	-21.0694	-14.9336	-22.8191	-16.6659	-24.2123	-18.7895	-25.7403	-20.6745	-27.1623	-22.6261	-28.8218	-24.3076	-29.6238	-26.7442	-30.3363	-29.1517	-30.8851	-31.5854	-31.8334	-33.6497	-32.7425	-35.702	-33.2687	-37.9445	-34.2703	-39.881	-35.0448	-41.9235
"sc01"	1.3145	"29/11/2016 15:10:57"	"Dico poco lentamente"	"max_TD"	67.0654	36.6421	37.4699	81.7509	-4.9477	3.2864	"*"	"*"	"*"	"*"	"*"	"*"	"*"	"*"	"*"	"*"	"*"	"*"	"*"	"*"	"*"	"*"	"*"	"*"	"*"	"*"	"*"	"*"	18.4536	1.4061	15.8098	1.7478	13.1268	3.0218	10.2712	5.4525	7.2528	7.4273	4.1015	9.0589	0.8237	10.4701	-2.6663	12.1219	-6.2281	13.3084	-9.5252	13.0675	-12.7224	12.3667	-15.6232	10.8277	-18.521	9.3561	-20.8348	6.7233	-21.763	1.747	-21.9929	-3.7933	-22.1894	-8.7071	-23.9286	-10.8778	-25.1415	-13.6347	-26.681	-15.8195	-27.012	-19.2626	-28.0077	-21.7593	-28.3582	-24.7467	-29.2209	-27.0965	-30.1288	-29.319	-30.9611	-31.5289	-31.7357	-33.7164	-32.7448	-35.7007	-34.0574	-37.493	"*"	"*"	-36.9248	-41.037
"sc01"	1.322	"29/11/2016 15:10:57"	"Dico poco lentamente"	"NOFF_TD"	67.248	31.0669	31.9252	81.6282	-14.904	13.4621	"*"	"*"	"*"	"*"	"*"	"*"	"*"	"*"	"*"	"*"	"*"	"*"	"*"	"*"	"*"	"*"	"*"	"*"	"*"	"*"	"*"	"*"	18.4227	0.8994	15.7902	0.8189	13.1314	2.7773	10.2603	5.6393	7.1984	7.9815	4.0987	9.0791	0.8857	10.1245	-2.537	11.5355	-6.1138	12.8729	-9.4092	12.6877	-12.5644	11.9146	-15.5987	10.7657	-18.5637	9.4527	-20.8697	6.7946	-21.8492	1.9067	-22.0062	-3.7709	-22.2896	-8.5523	-23.7125	-11.1843	-24.9858	-13.8379	-26.3219	-16.2515	-26.6946	-19.6149	-27.6318	-22.1446	-28.1525	-24.9415	-29.0316	-27.262	-29.9824	-29.4371	-30.8477	-31.6132	-31.6329	-33.7867	-32.6125	-35.7835	-33.8523	-37.6104	"*"	"*"	-36.9346	-41.0324
"sc01"	1.302	"29/11/2016 15:10:57"	"Dico poco lentamente"	"NONS_TD"	66.6869	46.7186	47.3557	81.6906	19.7144	21.5683	48.0242	-3.3183	"*"	"*"	"*"	"*"	"*"	"*"	"*"	"*"	"*"	"*"	"*"	"*"	"*"	"*"	"*"	"*"	"*"	"*"	"*"	"*"	18.4426	1.2254	15.8333	2.8561	13.1132	3.7591	10.2637	5.5808	7.3486	6.452	4.1576	8.654	0.7975	10.6163	-2.7092	12.3166	-6.0108	12.4804	-9.2915	12.3023	-12.5547	11.8869	-15.6779	10.9662	-18.5642	9.454	-20.549	6.1395	-21.4298	1.1297	-21.6583	-4.3583	-22.1828	-8.7174	-23.7065	-11.1929	-24.911	-13.9355	-26.702	-15.7943	-27.5966	-18.6135	-28.6965	-21.053	-29.065	-24.0773	-29.783	-26.605	-30.5402	-28.9872	-31.222	-31.335	-31.8574	-33.6332	-32.8481	-35.6359	-34.1716	-37.4276	"*"	"*"	-36.896	-41.0506
"sc01"	1.2335	"29/11/2016 15:10:57"	"Dico poco lentamente"	"peak1_TD"	62.7307	27.3809	25.877	76.6049	103.8685	103.981	"*"	"*"	"*"	"*"	"*"	"*"	"*"	"*"	"*"	"*"	"*"	"*"	"*"	"*"	"*"	"*"	"*"	"*"	"*"	"*"	"*"	"*"	"*"	"*"	15.8501	3.6466	13.1242	3.1623	10.4019	3.2092	7.6697	3.1836	4.8828	3.4171	1.9502	4.1843	-1.1649	5.313	-4.4413	6.5021	-7.615	6.8134	-10.7853	6.8225	-13.764	6.1162	-16.6867	5.199	-19.4339	3.8617	-22.0294	2.2406	-23.8169	-0.7132	-25.1369	-4.1525	-26.038	-7.8858	-27.5489	-10.4925	-28.5186	-13.6087	-29.4708	-16.5325	-30.3602	-19.3471	-31.8596	-21.4307	-33.3104	-23.5205	-34.253	-25.9921	-34.6061	-28.8201	-34.887	-31.5633	-35.1477	-34.1952	-35.8567	-36.4628	-37.2118	-38.3486	-38.4992	-40.2948
"sc01"	1.3775	"29/11/2016 15:10:57"	"Dico poco lentamente"	"peak2_TD"	68.8493	58.7254	57.4532	78.9938	-57.3597	57.4265	50.0837	0.4727	"*"	"*"	"*"	"*"	"*"	"*"	"*"	"*"	"*"	"*"	"*"	"*"	"*"	"*"	"*"	"*"	"*"	"*"	21.0472	0.7164	18.4435	1.2413	15.8299	2.6938	13.1044	4.2338	10.316	4.6836	7.4925	4.9869	4.6524	5.0807	1.6845	5.6668	-1.3999	6.3787	-4.7796	7.7907	-8.2031	8.739	-11.5743	9.0809	-14.3865	7.6938	-16.8981	5.678	-19.2162	3.4169	-20.6	-0.4076	-21.8442	-4.0445	-22.5807	-8.1025	-23.9478	-10.8506	-25.0032	-13.8153	-26.1707	-16.4334	-27.2613	-18.9857	-28.2416	-21.5194	-29.0045	-24.1347	-30.0369	-26.383	-30.8406	-28.7449	-31.3292	-31.2554	-31.7462	-33.7092	-32.1268	-36.0878	-33.048	-38.0709	-34.1878	-39.924	-35.3371	-41.7856
"sc01"	1.2045	"29/11/2016 15:11:03"	"Dico pata lentamente"	"max_TT"	77.9391	-7.7305	5.1003	67.281	-34.3418	35.223	52.2572	4.4737	"*"	"*"	"*"	"*"	"*"	"*"	"*"	"*"	"*"	"*"	34.3068	9.8112	31.4432	11.1305	28.3807	11.6471	25.2888	11.9323	22.1935	12.072	19.1006	12.0165	16.0191	11.6199	12.9758	11.1805	9.9591	10.8089	6.9339	10.6737	3.922	10.3547	1.3008	7.8078	-1.024	4.674	-3.1099	1.4302	-5.5504	0.0538	-7.8446	-1.594	-9.8387	-3.8312	-11.7702	-5.9435	-13.8431	-7.5588	-15.8289	-9.2468	-17.6339	-11.1542	-19.3129	-13.1521	-20.9822	-15.0572	-22.6045	-16.946	-24.2972	-18.6874	-26.1102	-20.2638	-27.6799	-22.0953	-28.9936	-24.145	-30.3058	-26.1478	-31.212	-28.4453	-31.8976	-30.833	-32.4972	-33.1961	-33.4215	-35.2767	-34.1758	-37.4251	-35.6658	-39.154	-36.805	-41.0935
"sc01"	1.21	"29/11/2016 15:11:03"	"Dico pata lentamente"	"NOFF_TT"	77.8449	-19.1612	16.6855	67.1609	-30.1552	31.1165	52.3747	4.69	"*"	"*"	"*"	"*"	"*"	"*"	"*"	"*"	"*"	"*"	34.3201	9.8614	31.3959	10.9189	28.3526	11.4927	25.2676	11.7816	22.1792	11.9309	19.0921	11.8769	16.0207	11.6955	12.9736	11.302	9.951	10.948	6.9338	10.6749	3.9224	10.3524	1.3053	7.783	-1.004	4.5833	-3.0804	1.318	-5.5143	-0.0641	-7.8137	-1.6824	-9.8046	-3.9177	-11.7337	-6.0263	-13.8011	-7.6445	-15.7712	-9.3535	-17.5711	-11.2603	-19.2618	-13.231	-21.019	-15.005	-22.6588	-16.8751	-24.331	-18.6468	-26.0357	-20.3466	-27.6213	-22.1554	-28.9392	-24.1965	-30.2771	-26.1729	-31.1315	-28.5102	-31.8553	-30.8644	-32.4414	-33.2342	-33.5052	-35.2242	-34.1549	-37.4371	-35.7668	-39.1014	-36.8104	-41.091
"sc01"	1.193	"29/11/2016 15:11:03"	"Dico pata lentamente"	"NONS_TT"	77.9103	26.5465	29.3808	67.7309	-43.8652	44.4756	"*"	"*"	"*"	"*"	"*"	"*"	"*"	"*"	"*"	"*"	"*"	"*"	34.3158	9.8454	31.4366	11.1009	28.3894	11.6949	25.289	11.9336	22.1891	12.0291	19.099	11.9898	16.0219	11.7539	12.9733	11.3197	9.9322	11.2704	6.8902	11.1189	4.0014	9.7818	1.4359	7.0543	-0.8643	3.9498	-3.2087	1.8067	-5.5733	0.1287	-7.8633	-1.5404	-9.9096	-3.6516	-11.9748	-5.4797	-14.0742	-7.0867	-16.0316	-8.8712	-17.8352	-10.8143	-19.4958	-12.8694	-21.3311	-14.5623	-22.9713	-16.4673	-24.517	-18.4229	-26.1663	-20.2015	-27.854	-21.9168	-29.3678	-23.7906	-30.3893	-26.0748	-31.1297	-28.5116	-31.8423	-30.8741	-32.7806	-33.0025	-33.6358	-35.1424	-34.4884	-37.2461	-35.8664	-39.0495	-37.129	-40.9408
"sc01"	1.1345	"29/11/2016 15:11:03"	"Dico pata lentamente"	"peak1_TT"	72.1766	136.6081	136.7397	70.6919	-35.1658	34.0462	51.4054	2.9056	"*"	"*"	"*"	"*"	"*"	"*"	"*"	"*"	"*"	"*"	32.9194	4.5838	30.1083	5.153	27.305	5.736	24.4428	5.9425	21.6014	6.2065	18.7488	6.2477	15.9096	6.4526	13.0639	6.4221	10.2127	6.4569	7.3567	6.3697	4.5687	5.6855	1.7483	5.3108	-1.0224	4.6667	-3.8637	4.3016	-6.5233	3.2392	-9.0037	1.7234	-11.2681	-0.2089	-13.3053	-2.4645	-15.1168	-4.9569	-16.9476	-7.1741	-18.7015	-9.3513	-20.5036	-11.3121	-22.4381	-12.992	-24.5426	-14.4164	-26.2098	-16.3864	-27.4769	-18.7463	-28.602	-21.1499	-30.4362	-22.7787	-32.0561	-24.6173	-32.9373	-27.0535	-33.6465	-29.5332	-34.1269	-32.0827	-34.7949	-34.4162	-35.2389	-36.8165	-36.5237	-38.7071	-37.7338	-40.6556
"sc01"	1.2465	"29/11/2016 15:11:03"	"Dico pata lentamente"	"peak2_TT"	75.536	-67.8673	68.0065	66.6892	15.1806	13.9179	51.0689	2.2863	"*"	"*"	"*"	"*"	"*"	"*"	"*"	"*"	"*"	"*"	33.7379	7.6678	30.8372	8.4171	27.8872	8.9352	24.9158	9.2914	21.9452	9.613	18.9647	9.7877	15.9823	9.8856	13.0024	9.7452	10.0298	9.5958	7.0684	9.3042	4.0956	9.1014	1.4759	6.8309	-0.8737	3.9923	-2.9321	0.7529	-5.274	-0.8511	-7.536	-2.4771	-9.6953	-4.1947	-11.6316	-6.2577	-13.4553	-8.3509	-15.2054	-10.4018	-17.0039	-12.2181	-18.9708	-13.6806	-20.9536	-15.0978	-23.0753	-16.3315	-24.6539	-18.2582	-26.3054	-20.0471	-27.799	-21.9732	-29.3455	-23.8117	-30.5826	-25.9058	-31.1306	-28.5109	-31.8004	-30.9052	-32.4124	-33.2541	-33.2421	-35.3891	-34.2827	-37.3639	-36.2558	-38.8467	"*"	"*"
"sc01"	1.2445	"29/11/2016 15:11:14"	"Dico podo lentamente"	"max_TT"	78.0711	-8.8253	5.6458	70.2036	2.1706	1.7033	51.9424	3.8941	"*"	"*"	"*"	"*"	"*"	"*"	"*"	"*"	"*"	"*"	"*"	"*"	31.5725	11.7094	28.4798	12.1913	25.377	12.5562	22.2572	12.7036	19.1381	12.6314	16.0362	12.4252	12.9623	11.9114	10.0098	9.9381	7.195	8.0161	4.5336	5.9386	1.7856	5.103	-0.8485	3.8781	-3.4872	2.8676	-6.1023	1.8607	-8.7377	0.9623	-11.1777	-0.438	-13.5428	-1.9262	-15.6086	-3.9524	-17.6769	-5.823	-19.6282	-7.7865	-21.7241	-9.4261	-23.5631	-11.3963	-25.2546	-13.4871	-26.7978	-15.679	-28.2431	-17.8956	-29.5176	-20.2111	-30.0895	-23.107	-30.569	-25.9177	-31.058	-28.5694	-31.8984	-30.8324	-32.7589	-33.0173	-34.1271	-34.8346	-35.6608	-36.5749	"*"	"*"	"*"	"*"
"sc01"	1.249	"29/11/2016 15:11:14"	"Dico podo lentamente"	"NOFF_TT"	78.0111	-19.7067	16.6512	70.2117	4.0588	3.4943	51.845	3.7148	"*"	"*"	"*"	"*"	"*"	"*"	"*"	"*"	"*"	"*"	"*"	"*"	31.5374	11.5526	28.4494	12.0241	25.3444	12.3253	22.2363	12.4961	19.1263	12.4375	16.0345	12.3453	12.9618	11.937	9.9891	10.2927	7.1695	8.2755	4.5108	6.1034	1.8007	5.0182	-0.8585	3.9235	-3.4974	2.9065	-6.0991	1.8502	-8.7277	0.9336	-11.1672	-0.4647	-13.5392	-1.9343	-15.5976	-3.9749	-17.6774	-5.8221	-19.6067	-7.8227	-21.6911	-9.4772	-23.4875	-11.5035	-25.1977	-13.5614	-26.7422	-15.7459	-28.2865	-17.8475	-29.5753	-20.1519	-30.1278	-23.0708	-30.5257	-25.9555	-30.9766	-28.6351	-31.8263	-30.886	-32.7164	-33.0463	-33.9696	-34.9333	-35.4989	-36.6676	"*"	"*"	"*"	"*"
"sc01"	1.236	"29/11/2016 15:11:14"	"Dico podo lentamente"	"NONS_TT"	77.9162	22.3732	25.7149	70.2123	-0.9956	1.1177	52.1926	4.3548	"*"	"*"	"*"	"*"	"*"	"*"	"*"	"*"	"*"	"*"	"*"	"*"	31.5516	11.6162	28.4755	12.1675	25.3805	12.5814	22.2145	12.2808	19.1093	12.1595	16.0246	11.8786	12.9664	11.6884	10.0132	9.8791	7.2277	7.6827	4.5764	5.6295	1.873	4.615	-0.835	3.817	-3.5267	3.0179	-6.179	2.1119	-8.7525	1.0045	-11.1682	-0.4621	-13.5017	-2.0194	-15.608	-3.9537	-17.6715	-5.8331	-19.7006	-7.6643	-21.8433	-9.2419	-23.8955	-10.9248	-25.5483	-13.1038	-27.0886	-15.3291	-28.4194	-17.6999	-29.7381	-19.985	-30.4117	-22.802	-30.8321	-25.6876	-31.3504	-28.3336	-32.2764	-30.5514	-33.3182	-32.6352	-34.4549	-34.6292	-35.8829	-36.4477	"*"	"*"	"*"	"*"
"sc01"	1.1915	"29/11/2016 15:11:14"	"Dico podo lentamente"	"peak1_TT"	73.8432	116.4417	116.6744	70.4771	10.0021	10.5114	51.6322	3.3232	"*"	"*"	"*"	"*"	"*"	"*"	"*"	"*"	"*"	"*"	"*"	"*"	30.4345	6.614	27.538	7.016	24.6331	7.2898	21.7243	7.4241	18.8177	7.3766	15.9259	7.2227	13.0512	7.1058	10.2151	6.4144	7.426	5.6636	4.6961	4.7653	1.8955	4.4895	-0.8411	3.8444	-3.5767	3.2083	-6.2018	2.1867	-8.8862	1.3873	-11.6562	0.7746	-14.2125	-0.4083	-16.5201	-2.0904	-18.7282	-3.8753	-20.8507	-5.7222	-22.7966	-7.7689	-24.522	-10.0361	-26.479	-11.889	-28.5915	-13.521	-30.4189	-15.4799	-31.7884	-17.8828	-33.0837	-20.2714	-33.721	-23.1615	-34.3337	-25.927	-34.4546	-28.9328	-34.9674	-31.5084	-35.456	-34.002	-36.2395	-36.2436	-37.8699	-38.0057	-39.2812	-39.926
"sc01"	1.2805	"29/11/2016 15:11:14"	"Dico podo lentamente"	"peak2_TT"	75.3495	-68.5635	68.8152	70.8284	31.6334	30.8475	"*"	"*"	"*"	"*"	"*"	"*"	"*"	"*"	"*"	"*"	"*"	"*"	33.8265	8.0017	30.8826	8.6204	27.9318	9.1801	24.9545	9.5652	21.9716	9.8742	18.9832	10.0915	15.9933	10.4021	12.9851	10.6794	9.9697	10.6261	7.066	9.3293	4.3296	7.4118	1.7224	5.4553	-0.9455	4.318	-3.6199	3.373	-6.264	2.3901	-8.8726	1.3483	-11.3121	-0.0973	-13.6214	-1.748	-15.7185	-3.7278	-17.8502	-5.5019	-19.9631	-7.221	-21.9351	-9.1001	-23.9184	-10.8923	-25.531	-13.1263	-27.2062	-15.1877	-28.5727	-17.5298	-29.9264	-19.7919	-30.397	-22.8159	-30.7303	-25.7766	-31.0812	-28.5508	-31.9629	-30.7844	-33.0186	-32.8399	-34.0887	-34.8587	-35.4425	-36.6999	"*"	"*"	-38.5689	-40.2619
"sc01"	1.0835	"29/11/2016 15:11:25"	"Dico paca lentamente"	"max_TD"	65.8686	21.08	20.8683	81.7577	-4.0665	2.2316	"*"	"*"	"*"	"*"	"*"	"*"	"*"	"*"	"*"	"*"	"*"	"*"	"*"	"*"	"*"	"*"	"*"	"*"	"*"	"*"	"*"	"*"	18.8043	7.1578	15.9337	7.5913	13.026	8.4705	10.0647	8.9968	"*"	"*"	3.7106	11.8814	0.4122	12.7662	-2.7519	12.5101	-5.9546	12.2663	-9.1999	12.0023	-12.3334	11.2535	-15.2731	9.9405	-17.6666	7.4197	-18.9604	2.8944	-19.7236	-2.0312	-20.9622	-5.5338	-22.7284	-7.8743	-24.2028	-10.489	-24.1732	-14.8985	-24.2087	-18.7939	-24.3851	-22.1792	-25.3667	-24.4671	-26.0971	-26.888	-26.8448	-29.1742	-27.6605	-31.3102	-28.7175	-33.1963	-29.811	-35.0315	-30.535	-37.0851	-31.1362	-39.1655	-31.6189	-41.2623	-32.403	-43.169
"sc01"	1.071	"29/11/2016 15:11:25"	"Dico paca lentamente"	"NONS_TD"	65.4703	20.1759	20.298	81.8515	23.098	25.3258	"*"	"*"	"*"	"*"	"*"	"*"	"*"	"*"	"*"	"*"	"*"	"*"	"*"	"*"	"*"	"*"	"*"	"*"	"*"	"*"	"*"	"*"	18.8361	7.6796	15.9604	8.8482	13.0085	9.4142	9.993	10.2265	6.8947	11.0724	3.6781	12.116	0.5341	12.0859	-2.711	12.325	-6.1189	12.8922	-9.5469	13.1385	-12.4827	11.6807	-15.1869	9.7222	-17.5331	7.1172	-19.5436	4.0858	-20.8136	-0.0118	-21.9428	-3.878	-22.8527	-7.6823	-23.5242	-11.4515	-23.5051	-15.7706	-24.0148	-19.0272	-24.5336	-22.0143	-25.6522	-24.1745	-26.363	-26.6362	-27.2358	-28.8323	-27.9158	-31.1042	-28.8378	-33.1069	-29.8165	-35.0277	-30.771	-36.9373	-31.5189	-38.9464	-32.1476	-40.9869	-32.8596	-42.9537
"sc01"	1.0145	"29/11/2016 15:11:25"	"Dico paca lentamente"	"peak1_TD"	63.9945	30.942	31.002	77.0294	120.5711	120.7447	45.2196	-8.4811	"*"	"*"	"*"	"*"	"*"	"*"	"*"	"*"	"*"	"*"	"*"	"*"	"*"	"*"	25.6611	-3.2975	23.2812	-2.2819	20.9813	0.0635	18.5224	2.5344	15.8689	4.5334	13.0871	5.1702	10.21	6.5024	7.2541	7.4135	4.1313	8.8436	1.1171	8.8328	-1.9921	9.0647	-5.0112	8.6728	-8.066	8.2899	-10.9323	7.2434	-13.4702	5.3716	-15.9424	3.5121	-18.0977	1.1321	-20.3485	-0.8736	-22.3884	-3.1255	-24.265	-5.4999	-24.6059	-9.9172	-25.1295	-13.6503	-25.4614	-17.2868	-26.8637	-19.4272	-27.6583	-22.1175	-29.001	-24.1379	-30.6423	-25.8536	-31.6251	-28.112	-32.2905	-30.541	-32.24	-33.3719	-32.6188	-35.7796	-32.9255	-38.141	-33.8267	-40.1121	-34.7711	-42.0525
"sc01"	1.0145	"29/11/2016 15:11:25"	"Dico paca lentamente"	"peak2_TD"	63.9945	30.942	31.002	77.0294	120.5711	120.7447	45.2196	-8.4811	"*"	"*"	"*"	"*"	"*"	"*"	"*"	"*"	"*"	"*"	"*"	"*"	"*"	"*"	25.6611	-3.2975	23.2812	-2.2819	20.9813	0.0635	18.5224	2.5344	15.8689	4.5334	13.0871	5.1702	10.21	6.5024	7.2541	7.4135	4.1313	8.8436	1.1171	8.8328	-1.9921	9.0647	-5.0112	8.6728	-8.066	8.2899	-10.9323	7.2434	-13.4702	5.3716	-15.9424	3.5121	-18.0977	1.1321	-20.3485	-0.8736	-22.3884	-3.1255	-24.265	-5.4999	-24.6059	-9.9172	-25.1295	-13.6503	-25.4614	-17.2868	-26.8637	-19.4272	-27.6583	-22.1175	-29.001	-24.1379	-30.6423	-25.8536	-31.6251	-28.112	-32.2905	-30.541	-32.24	-33.3719	-32.6188	-35.7796	-32.9255	-38.141	-33.8267	-40.1121	-34.7711	-42.0525
"sc01"	1.1245	"29/11/2016 15:11:35"	"Dico pucu lentamente"	"max_TD"	78.5434	5.558	6.5041	82.0369	-0.5474	0.3262	"*"	"*"	"*"	"*"	"*"	"*"	"*"	"*"	"*"	"*"	"*"	"*"	"*"	"*"	"*"	"*"	"*"	"*"	"*"	"*"	"*"	"*"	"*"	"*"	15.9796	9.7545	13.0072	9.4841	10.0334	9.5334	7.056	9.4309	4.0203	9.6455	1.0342	9.2958	"*"	"*"	-5.6471	11.095	-9.1506	11.8409	"*"	"*"	-15.8084	11.2971	-18.9068	10.2304	-21.8881	8.8749	-24.3167	6.4782	-25.8144	2.6598	-26.3194	-2.3254	-26.3385	-7.4596	-27.2105	-10.9343	-28.5517	-13.5689	-28.9725	-17.0858	-29.4065	-20.325	-28.5933	-24.524	-26.6842	-29.3147	-23.8194	-34.4087	-21.6051	-38.4818	-21.3603	-40.8054	-21.7635	-42.5806	-22.1961	-44.2841	-22.9183	-45.795	-23.4879	-47.3724
"sc01"	1.093	"29/11/2016 15:11:35"	"Dico pucu lentamente"	"NONS_TD"	77.583	29.007	29.1824	81.8367	6.0387	6.2828	"*"	"*"	"*"	"*"	"*"	"*"	"*"	"*"	"*"	"*"	"*"	"*"	"*"	"*"	"*"	"*"	"*"	"*"	"*"	"*"	"*"	"*"	"*"	"*"	"*"	"*"	"*"	"*"	10.1017	8.3606	7.1683	8.2879	4.2199	8.2041	1.2097	8.3161	-1.9217	8.7452	"*"	"*"	-9.2158	12.0543	-12.9228	12.9403	-16.3663	12.711	-19.1852	10.8614	-21.5227	8.1285	-23.5474	5.0528	-24.9657	1.2266	-26.1052	-2.6563	-26.0685	-7.8425	-27.0074	-11.1994	-28.6037	-13.5063	-30.8857	-14.9615	-31.3799	-18.3016	-30.5025	-22.716	-26.8563	-29.1642	-23.6974	-34.5071	-21.2212	-38.7671	-21.2939	-40.8507	-21.7738	-42.5742	-22.2209	-44.2699	-23.5584	-45.4616	-24.6091	-46.8438
"sc01"	1.3395	"29/11/2016 15:11:40"	"Dico paga lentamente"	"max_TD"	70.6666	8.7261	9.3842	80.8781	-5.6629	3.334	"*"	"*"	"*"	"*"	"*"	"*"	"*"	"*"	"*"	"*"	"*"	"*"	"*"	"*"	"*"	"*"	"*"	"*"	24.3434	5.2384	21.6893	7.0777	18.8809	8.4134	15.9836	9.9462	12.9758	11.1825	9.8837	12.1023	6.7788	12.2524	3.5972	12.7	0.4102	12.7776	-2.8702	13.0471	-6.2087	13.2344	-9.4371	12.7789	-12.6235	12.0836	-15.5611	10.6703	-18.3135	8.8859	-20.584	6.2111	-21.8399	1.8896	-22.0492	-3.6983	-20.8578	-10.7648	-20.5256	-15.7049	-21.1359	-18.8628	-22.2091	-21.1996	-22.8212	-23.9157	-23.7957	-26.078	-24.781	-28.1345	-25.9071	-29.9942	-26.3438	-32.3724	-26.8928	-34.5523	-27.6651	-36.4977	-28.3402	-38.4602	-28.9117	-40.4391	-29.5054	-42.3634	-30.2751	-44.1723
"sc01"	1.329	"29/11/2016 15:11:40"	"Dico paga lentamente"	"NONS_TD"	70.6076	19.4626	20.6947	80.8677	20.298	22.4953	49.0066	-1.51	"*"	"*"	"*"	"*"	"*"	"*"	"*"	"*"	"*"	"*"	"*"	"*"	"*"	"*"	"*"	"*"	24.361	5.3628	21.6335	6.525	18.817	7.3649	15.9648	9.0597	12.9884	10.5027	9.8425	12.8099	6.7275	12.7754	3.549	13.0485	0.4343	12.6432	-2.8294	12.8617	-6.1218	12.9032	-9.283	12.2745	-12.24	10.986	-15.3783	10.2072	-18.0206	8.2221	-20.1763	5.3782	-22.149	2.4622	-22.322	-3.2375	-21.6657	-9.5164	-20.0756	-16.3433	-21.0134	-19.0227	-22.0607	-21.3781	-22.8779	-23.8527	-23.4411	-26.4416	-24.1326	-28.7486	-25.4534	-30.391	-26.3407	-32.3748	-27.2847	-34.261	-27.8583	-36.3657	-28.5072	-38.3556	-29.0142	-40.3804	-29.6577	-42.284	-30.4474	-44.0911
"sc01"	1.2705	"29/11/2016 15:11:40"	"Dico paga lentamente"	"peak1_TD"	67.1292	78.7735	78.804	76.4328	104.0974	104.1737	46.0653	-6.9243	"*"	"*"	"*"	"*"	"*"	"*"	"*"	"*"	"*"	"*"	"*"	"*"	28.528	-1.9234	26.2053	-0.3071	23.7054	0.7214	21.2028	2.2586	18.5769	3.4286	15.8598	4.1033	13.091	4.9565	10.2583	5.674	7.3786	6.1466	4.4417	6.6026	1.4499	6.9762	-1.5422	7.0243	-4.5758	7.0144	-7.666	6.9804	-10.7121	6.613	-13.809	6.2302	-16.5598	4.9114	-19.1311	3.2432	-21.4348	1.1391	-22.5901	-2.7849	-23.6283	-6.4837	-24.1263	-10.5974	-24.6165	-14.32	-25.2087	-17.5908	-25.8401	-20.5637	-26.1226	-23.6921	-26.8215	-26.202	-28.0271	-28.1404	-29.3242	-29.9681	-29.9721	-32.2639	-30.4598	-34.5882	-30.8893	-36.8632	-31.6419	-38.8759	-32.2103	-40.9542	-32.8844	-42.9421
"sc01"	1.2705	"29/11/2016 15:11:40"	"Dico paga lentamente"	"peak2_TD"	67.1292	78.7735	78.804	76.4328	104.0974	104.1737	46.0653	-6.9243	"*"	"*"	"*"	"*"	"*"	"*"	"*"	"*"	"*"	"*"	"*"	"*"	28.528	-1.9234	26.2053	-0.3071	23.7054	0.7214	21.2028	2.2586	18.5769	3.4286	15.8598	4.1033	13.091	4.9565	10.2583	5.674	7.3786	6.1466	4.4417	6.6026	1.4499	6.9762	-1.5422	7.0243	-4.5758	7.0144	-7.666	6.9804	-10.7121	6.613	-13.809	6.2302	-16.5598	4.9114	-19.1311	3.2432	-21.4348	1.1391	-22.5901	-2.7849	-23.6283	-6.4837	-24.1263	-10.5974	-24.6165	-14.32	-25.2087	-17.5908	-25.8401	-20.5637	-26.1226	-23.6921	-26.8215	-26.202	-28.0271	-28.1404	-29.3242	-29.9681	-29.9721	-32.2639	-30.4598	-34.5882	-30.8893	-36.8632	-31.6419	-38.8759	-32.2103	-40.9542	-32.8844	-42.9421
"sc01"	1.4135	"29/11/2016 15:11:57"	"Dico putu lentamente"	"max_TT"	77.9188	-5.1861	2.7504	77.615	-45.9671	46.2608	"*"	"*"	"*"	"*"	"*"	"*"	"*"	"*"	"*"	"*"	"*"	"*"	"*"	"*"	"*"	"*"	28.4136	11.8274	25.2607	11.733	22.194	12.0778	19.1099	12.1692	16.0299	12.1274	12.9547	12.3195	9.86	12.5086	6.7589	12.4553	3.6674	12.1936	0.5372	12.069	-2.5956	11.8015	-5.702	11.3044	-8.5142	9.7574	-11.2618	8.1864	-13.5064	5.4633	-15.4837	2.4726	-17.1415	-0.8212	-18.8546	-3.6413	-20.6605	-6.0434	-22.6035	-8.0673	-24.3331	-10.3042	-25.5127	-13.1503	-26.2718	-16.3118	-26.4434	-19.8938	-25.7594	-24.0645	-24.3708	-28.523	-22.4389	-33.0269	-21.727	-36.0966	-21.1522	-38.8184	-21.7275	-40.5544	-23.2795	-41.6308	-24.121	-43.182	"*"	"*"	-26.94	-45.7448
"sc01"	1.418	"29/11/2016 15:11:57"	"Dico putu lentamente"	"NOFF_TT"	77.8524	-13.6185	11.2419	77.4328	-44.6091	45.063	"*"	"*"	"*"	"*"	"*"	"*"	"*"	"*"	"*"	"*"	"*"	"*"	"*"	"*"	"*"	"*"	28.3476	11.4651	25.2425	11.6044	22.1816	11.955	19.1041	12.0745	16.029	12.0865	12.9559	12.2554	9.8682	12.3689	6.7751	12.2899	3.6942	11.9998	0.5816	11.8209	-2.5232	11.4732	-5.6069	10.942	-8.4757	9.6314	-11.1379	7.8318	-13.3914	5.1719	-15.3579	2.1874	-17.1063	-0.893	-18.9091	-3.5402	-20.7516	-5.8895	-22.7332	-7.8669	-24.2675	-10.3972	-25.1854	-13.5775	-25.8078	-16.8701	-26.1418	-20.2288	-25.7467	-24.0775	-24.5649	-28.3391	-22.7178	-32.7831	-21.9681	-35.9021	-21.496	-38.5629	-21.9793	-40.3824	-23.1697	-41.6996	-24.1874	-43.144	"*"	"*"	-27.2322	-45.607
"sc01"	1.406	"29/11/2016 15:11:57"	"Dico putu lentamente"	"NONS_TT"	77.941	15.7928	18.2495	78.0544	-47.5349	47.5121	"*"	"*"	"*"	"*"	"*"	"*"	"*"	"*"	"*"	"*"	"*"	"*"	"*"	"*"	"*"	"*"	28.4175	11.8488	25.3035	12.036	22.2292	12.426	19.1253	12.422	16.0341	12.3265	12.9522	12.4556	9.8558	12.5807	6.749	12.5558	3.6326	12.4445	0.4639	12.4779	-2.7018	12.2833	-5.8194	11.7515	-8.7424	10.5044	-11.5281	8.9487	-13.8163	6.2487	-15.782	3.1486	-17.5309	-0.0256	-19.1597	-3.0759	-21.0827	-5.3304	-23.0288	-7.4101	-24.533	-10.0205	-25.2031	-13.5543	-25.4305	-17.324	-26.107	-20.2673	-26.0809	-23.7349	-24.6329	-28.2748	-22.5297	-32.9475	-21.1775	-36.5399	-20.9963	-38.9343	-21.4422	-40.7494	-22.6731	-42.0107	-23.7833	-43.3754	-25.6156	-44.3898	-26.342	-46.0267
"sc01"	1.3625	"29/11/2016 15:11:57"	"Dico putu lentamente"	"peak1_TT"	75.3014	80.1468	80.2727	79.9765	-32.629	31.8184	"*"	"*"	"*"	"*"	"*"	"*"	"*"	"*"	"*"	"*"	"*"	"*"	"*"	"*"	30.8405	8.4316	27.9753	9.4189	25.0488	10.2326	22.0691	10.8404	19.0596	11.3437	16.0212	11.7196	12.9658	11.7248	9.909	11.6677	6.8375	11.6546	3.7254	11.7744	0.5493	12.0013	-2.7444	12.4761	-6.0526	12.6399	-9.2849	12.2808	-11.8499	9.8696	"*"	"*"	-16.4974	4.7698	-18.8637	2.6969	-20.8464	0.0489	-22.2002	-3.4433	-23.3401	-6.929	-24.4271	-10.1707	-25.4723	-13.203	-26.471	-16.0721	-26.6531	-19.6611	-26	-23.8178	-23.7364	-29.1237	-21.5781	-33.7796	-20.1621	-37.359	-20.381	-39.3915	-20.8769	-41.1356	-21.5109	-42.7389	-22.3841	-44.1765	-23.5631	-45.4592	-24.5909	-46.8524
"sc01"	1.4505	"29/11/2016 15:11:57"	"Dico putu lentamente"	"peak2_TT"	76.2043	-51.6491	51.8188	76.2696	-15.6574	16.6893	51.1596	2.4532	"*"	"*"	"*"	"*"	"*"	"*"	"*"	"*"	"*"	"*"	"*"	"*"	31.0049	9.1679	28.0505	9.8323	25.0578	10.2967	22.0555	10.7054	19.0457	11.1155	16.0159	11.4678	12.9667	11.6739	9.9078	11.6894	6.8436	11.5931	3.7726	11.4336	0.7114	11.0967	-2.3146	10.5272	-5.3133	9.8235	-8.1275	8.4915	-10.6947	6.5633	-12.881	3.8785	-15.0486	1.4864	-17.143	-0.8181	-18.8957	-3.5651	-20.5556	-6.2205	-22.1656	-8.7439	-23.9621	-10.8303	-24.8763	-13.9808	-25.1605	-17.6489	-25.5379	-20.8993	-25.5807	-24.2477	-25.0404	-27.8889	-23.7974	-31.839	-23.1376	-34.9587	-23.2811	-37.2363	-23.4597	-39.3709	-23.5816	-41.4415	-23.849	-43.3377	-24.8388	-44.7945	-25.9011	-46.2346
"sc01"	1.2175	"29/11/2016 15:12:30"	"Dico pudu lentamente"	"max_TT"	76.8024	-4.015	2.1057	80.1163	-22.438	22.5735	"*"	"*"	"*"	"*"	"*"	"*"	"*"	"*"	"*"	"*"	"*"	"*"	"*"	"*"	"*"	"*"	28.1426	10.3384	25.2265	11.4908	22.185	11.9884	19.1188	12.3141	16.0278	12.0324	12.9583	12.1306	9.9043	11.749	6.8233	11.8001	3.7711	11.4443	0.6579	11.3951	-2.5165	11.4428	-5.7134	11.3478	-8.8604	10.8907	-11.9764	10.2316	-14.9631	9.155	-17.4466	6.9211	-19.0907	3.1607	-20.2657	-1.0269	-21.7961	-4.1257	-23.5033	-6.6768	-25.7234	-8.332	-25.7646	-12.8214	-25.5407	-17.1914	-23.0825	-23.6255	-21.7972	-28.1271	-19.761	-32.8887	-19.3097	-35.7632	-19.3219	-38.0367	-20.1149	-39.5892	-20.7124	-41.248	-22.7845	-41.9409	-25.3667	-42.4688	"*"	"*"	-30.9947	-43.833
"sc01"	1.222	"29/11/2016 15:12:30"	"Dico pudu lentamente"	"NOFF_TT"	76.7943	-10.4561	8.6403	80.025	-21.7056	21.9498	"*"	"*"	"*"	"*"	"*"	"*"	"*"	"*"	"*"	"*"	"*"	"*"	"*"	"*"	"*"	"*"	28.1161	10.1926	25.2149	11.4086	22.1842	11.9801	19.1128	12.2157	16.0282	12.0509	12.9582	12.1333	9.8954	11.9005	6.8174	11.8596	3.7673	11.4721	0.6632	11.3658	-2.5033	11.3827	-5.699	11.2929	-8.8497	10.8557	-11.9408	10.1298	-14.9151	9.0333	-17.3566	6.7172	-18.9123	2.7962	-20.0411	-1.4431	-21.5949	-4.4654	-23.523	-6.6464	-25.732	-8.3198	-25.9215	-12.6167	-25.4691	-17.2775	-23.3182	-23.3638	-22.0204	-27.8983	-20.2804	-32.3968	-19.615	-35.4962	-19.5496	-37.8531	-20.2051	-39.5222	-20.7773	-41.2037	-22.7981	-41.9324	-25.5453	-42.3665	"*"	"*"	-31.0628	-43.8009
"sc01"	1.211	"29/11/2016 15:12:30"	"Dico pudu lentamente"	"NONS_TT"	76.6282	11.3449	13.5498	80.319	-22.7318	22.6555	"*"	"*"	"*"	"*"	"*"	"*"	"*"	"*"	"*"	"*"	"*"	"*"	"*"	"*"	"*"	"*"	28.2643	11.0074	25.2134	11.3984	22.1703	11.8426	19.1016	12.0332	16.0296	12.1141	12.9581	12.1361	9.9007	11.8104	6.8156	11.8785	3.7569	11.5475	0.6416	11.4866	-2.5421	11.5586	-5.755	11.5063	-8.9577	11.2095	-12.0936	10.5672	-15.1245	9.5638	-17.6164	7.3059	-19.4449	3.8841	-20.5949	-0.4171	-21.8438	-4.0451	-23.3526	-6.9098	-25.3956	-8.7969	-25.9936	-12.5225	-25.421	-17.3353	-23.3818	-23.2931	-21.462	-28.4708	-19.7336	-32.9146	-18.9657	-36.064	-19.3116	-38.0451	-20.0917	-39.6065	-20.7124	-41.248	-22.8088	-41.9257	-25.4688	-42.4103	"*"	"*"	-31.0483	-43.8078
"sc01"	1.1725	"29/11/2016 15:12:30"	"Dico pudu lentamente"	"peak1_TT"	74.3828	69.0784	69.2711	81.0363	-8.9836	8.3294	"*"	"*"	"*"	"*"	"*"	"*"	"*"	"*"	"*"	"*"	"*"	"*"	"*"	"*"	30.5562	7.1587	27.6713	7.749	24.7585	8.1777	21.8354	8.5249	18.9259	9.1519	15.9737	9.48	12.9992	9.9183	10.0134	9.8761	6.97	10.3057	3.8866	10.6106	0.7495	10.8841	-2.3989	10.9094	-5.7813	11.6062	-9.223	12.0781	-12.5259	11.8042	-15.3689	10.1832	-17.7339	7.5722	-20.024	5.067	-21.7809	1.7802	-23.3903	-1.4336	-24.8156	-4.649	-26.3723	-7.4115	-26.9635	-11.2566	-26.4958	-16.0423	-24.4081	-22.1537	-21.8818	-28.0404	-19.5064	-33.1298	-18.5945	-36.3886	-19.1289	-38.1924	-19.9142	-39.7384	-20.5224	-41.3778	-22.7518	-41.9614	-25.8136	-42.2129	"*"	"*"	"*"	"*"
"sc01"	1.2525	"29/11/2016 15:12:30"	"Dico pudu lentamente"	"peak2_TT"	74.9613	-39.5794	39.7854	79.364	-8.2493	8.7357	"*"	"*"	"*"	"*"	"*"	"*"	"*"	"*"	"*"	"*"	"*"	"*"	"*"	"*"	30.7891	8.2015	27.8784	8.8867	24.9416	9.4738	21.9824	9.9815	19.0015	10.3919	16.0023	10.8255	12.9738	11.2927	9.9126	11.607	6.8258	11.7746	3.7368	11.6919	0.6249	11.5797	-2.4479	11.1315	-5.5172	10.6005	-8.5924	10.0134	-11.6262	9.2294	-14.4949	7.9684	-16.5983	4.9986	-18.6086	2.1758	-19.7956	-1.8979	-21.5594	-4.5253	-22.9449	-7.5398	-24.637	-9.8731	-25.5261	-13.1328	-24.8344	-18.0412	-23.896	-22.7222	-23.6714	-26.2054	-23.4745	-29.3718	-22.3423	-33.1114	-20.6308	-36.9809	-20.1785	-39.542	-20.7663	-41.2112	-22.6435	-42.0293	-25.2368	-42.5431	"*"	"*"	-29.8902	-44.3538
"sc01"	1.3985	"29/11/2016 15:12:42"	"Dico pogo lentamente"	"max_TD"	75.4736	-82.7618	81.6994	81.5533	-3.0937	1.6232	"*"	"*"	"*"	"*"	"*"	"*"	"*"	"*"	"*"	"*"	"*"	"*"	"*"	"*"	"*"	"*"	"*"	"*"	"*"	"*"	"*"	"*"	18.9508	9.5589	15.9583	8.7521	13.0532	7.0026	10.1672	7.2363	7.1801	8.167	3.9142	10.4114	0.7166	11.0679	-2.4413	11.1017	-5.6822	11.2289	-9.069	11.574	-12.4497	11.5864	-15.6459	10.8854	-18.5779	9.4849	-20.3818	5.7978	-21.2088	0.7204	-21.5916	-4.4709	-22.8023	-7.7601	-23.696	-11.2078	-24.8124	-14.0643	-25.3856	-17.3779	-26.138	-20.233	-26.3706	-23.4378	-26.7989	-26.2235	-27.637	-28.4815	-27.7124	-31.2683	-27.8211	-33.8624	-27.91	-36.3303	-28.6382	-38.2735	-28.9678	-40.407	-29.5237	-42.3539	-30.1405	-44.2358
"sc01"	1.385	"29/11/2016 15:12:42"	"Dico pogo lentamente"	"NONS_TD"	76.8397	-56.7017	54.203	81.443	18.2838	19.7983	"*"	"*"	"*"	"*"	"*"	"*"	"*"	"*"	"*"	"*"	"*"	"*"	"*"	"*"	"*"	"*"	"*"	"*"	"*"	"*"	"*"	"*"	"*"	"*"	15.926	7.2273	13.0503	7.1554	10.1606	7.3509	7.1108	8.8724	3.9655	10.0411	0.7428	10.9213	-2.4217	11.013	-5.5397	10.6859	-8.92	11.086	-12.0682	10.4943	-15.3942	10.2473	-18.3942	9.0687	-20.8621	6.7791	-21.7177	1.6631	-22.0392	-3.7151	-22.5731	-8.1143	-24.1383	-10.5804	-25.573	-13.0716	-25.9471	-16.7025	-26.6517	-19.6626	-26.5908	-23.212	-27.4649	-25.5927	-27.3081	-28.7691	-27.5059	-31.4349	-27.8505	-33.8406	-28.6629	-35.8159	-29.2891	-37.8657	-29.5386	-40.0802	-29.7484	-42.2368	-30.3703	-44.1274
"sc01"	1.3135	"29/11/2016 15:12:42"	"Dico pogo lentamente"	"peak1_TD"	73.7895	95.5505	95.7279	76.6435	99.0295	99.0887	"*"	"*"	"*"	"*"	"*"	"*"	"*"	"*"	"*"	"*"	"*"	"*"	"*"	"*"	"*"	"*"	"*"	"*"	"*"	"*"	"*"	"*"	18.7627	6.475	15.8755	4.8468	13.1072	4.0802	10.3423	4.2313	7.5014	4.8969	4.6258	5.2734	1.7151	5.4964	-1.197	5.4585	-4.3287	6.073	-7.6341	6.8761	-10.9238	7.219	-13.8264	6.2744	-16.552	4.8937	-19.1546	3.2911	-21.8169	1.8469	-24.2227	-0.0281	-26.1001	-2.6642	-27.0928	-6.3895	-27.8844	-10.0547	-28.8064	-13.2625	-29.8368	-16.1262	-31.0786	-18.6106	-31.8949	-21.3972	-32.8933	-23.8852	-33.3031	-26.7584	-33.5047	-29.6387	-33.5755	-32.4594	-33.7202	-35.0895	-34.3067	-37.3502	-35.0183	-39.4913	-35.823	-41.5566
"sc01"	1.3135	"29/11/2016 15:12:42"	"Dico pogo lentamente"	"peak2_TD"	73.7895	95.5505	95.7279	76.6435	99.0295	99.0887	"*"	"*"	"*"	"*"	"*"	"*"	"*"	"*"	"*"	"*"	"*"	"*"	"*"	"*"	"*"	"*"	"*"	"*"	"*"	"*"	"*"	"*"	18.7627	6.475	15.8755	4.8468	13.1072	4.0802	10.3423	4.2313	7.5014	4.8969	4.6258	5.2734	1.7151	5.4964	-1.197	5.4585	-4.3287	6.073	-7.6341	6.8761	-10.9238	7.219	-13.8264	6.2744	-16.552	4.8937	-19.1546	3.2911	-21.8169	1.8469	-24.2227	-0.0281	-26.1001	-2.6642	-27.0928	-6.3895	-27.8844	-10.0547	-28.8064	-13.2625	-29.8368	-16.1262	-31.0786	-18.6106	-31.8949	-21.3972	-32.8933	-23.8852	-33.3031	-26.7584	-33.5047	-29.6387	-33.5755	-32.4594	-33.7202	-35.0895	-34.3067	-37.3502	-35.0183	-39.4913	-35.823	-41.5566
"sc01"	1.3485	"29/11/2016 15:12:53"	"Dico poto lentamente"	"max_TT"	78.0693	-5.6763	3.5954	73.153	20.5288	20.6299	52.1809	4.3332	"*"	"*"	"*"	"*"	"*"	"*"	"*"	"*"	"*"	"*"	"*"	"*"	"*"	"*"	28.4305	11.9207	25.2835	11.8942	22.1695	11.8344	19.0812	11.6974	16.0252	11.9093	12.9643	11.8056	9.911	11.6334	6.8563	11.4637	3.8727	10.7108	0.9767	9.6165	-1.9026	8.6588	-4.6562	7.3204	-7.2466	5.6073	-9.5272	3.2218	-11.8245	1.2012	-13.7765	-1.3965	-15.5855	-3.9996	-17.305	-6.5121	-19.3888	-8.1907	-21.5537	-9.6894	-23.9429	-10.8576	-26.1275	-12.3478	-27.6143	-14.6966	-28.6627	-17.4298	-29.6671	-20.0578	-31.0385	-22.2083	-31.706	-24.9234	-32.2146	-27.6365	-32.7518	-30.1982	-33.5782	-32.4575	-33.9405	-34.9515	-35.2582	-36.8054	"*"	"*"	"*"	"*"
"sc01"	1.357	"29/11/2016 15:12:53"	"Dico poto lentamente"	"NOFF_TT"	77.9614	-21.9231	19.7334	73.252	20.0272	20.0539	"*"	"*"	"*"	"*"	"*"	"*"	"*"	"*"	"*"	"*"	"*"	"*"	"*"	"*"	"*"	"*"	28.4096	11.8059	25.2626	11.7461	22.1512	11.6533	19.0658	11.4458	16.0169	11.5135	12.9718	11.3968	9.9346	11.228	6.8822	11.2	3.823	11.0696	0.8511	10.3172	-2.0372	9.2688	-4.7985	7.8626	-7.3069	5.8047	-9.614	3.4704	-11.6028	0.6392	-13.5771	-1.8485	-15.3563	-4.4678	-17.2454	-6.6225	-19.3196	-8.3075	-21.3771	-9.9624	-23.5295	-11.4439	-25.5229	-13.1369	-27.0913	-15.3259	-28.5044	-17.6056	-29.8406	-19.8799	-31.3441	-21.9189	-31.8705	-24.7796	-32.2856	-27.5792	-32.7224	-30.22	-33.5697	-32.4633	-34.1402	-34.8264	-35.6025	-36.6083	"*"	"*"	"*"	"*"
"sc01"	1.341	"29/11/2016 15:12:53"	"Dico poto lentamente"	"NONS_TT"	78.0215	11.1961	13.0768	73.074	21.7705	22.0146	"*"	"*"	"*"	"*"	"*"	"*"	"*"	"*"	"*"	"*"	"*"	"*"	"*"	"*"	"*"	"*"	28.4492	12.0233	25.317	12.1314	22.1955	12.092	19.0957	11.9363	16.0263	11.9598	12.9669	11.6606	9.9181	11.512	6.8653	11.3721	3.8562	10.83	1.0004	9.4844	-1.7866	8.1326	-4.5336	6.8535	-7.208	5.4808	-9.6146	3.472	-11.8003	1.1398	-13.7407	-1.4778	-15.5956	-3.9789	-17.4015	-6.3332	-19.489	-8.0216	-21.6568	-9.5302	-24.0755	-10.6695	-26.1293	-12.3454	-27.6959	-14.5986	-28.8292	-17.2449	-30.0021	-19.7143	-31.2867	-21.9733	-31.8451	-24.8018	-32.3196	-27.5518	-32.8072	-30.157	-33.6185	-32.43	-34.1911	-34.7945	-35.2006	-36.8384	"*"	"*"	"*"	"*"
"sc01"	1.2985	"29/11/2016 15:12:53"	"Dico poto lentamente"	"peak1_TT"	76.002	53.7395	53.8082	71.8859	44.6243	45.3186	"*"	"*"	"*"	"*"	"*"	"*"	"*"	"*"	"*"	"*"	"*"	"*"	"*"	"*"	"*"	"*"	"*"	"*"	24.7393	8.0411	21.8692	8.8597	18.981	10.0553	15.9864	10.0781	13.0131	9.1647	10.0712	8.885	7.1283	8.6945	4.2581	7.9284	1.5627	6.3463	-1.2169	5.5487	-3.9406	4.5947	-6.7966	4.134	-9.5507	3.2892	-12.3471	2.5255	-14.6805	0.6521	-17.0369	-1.0347	-19.1142	-3.1602	-21.0408	-5.4011	-22.7468	-7.8459	-24.49	-10.0815	-26.6661	-11.6448	-28.4423	-13.7006	-30.1011	-15.8327	-31.5035	-18.1749	-33.4988	-19.8783	-34.9065	-22.1248	-34.8965	-25.473	-34.2317	-29.0984	-33.9547	-32.2003	-34.6488	-34.5077	-35.541	-36.6435	-36.6576	-38.6373	-37.7572	-40.6446
"sc01"	1.4005	"29/11/2016 15:12:53"	"Dico poto lentamente"	"peak2_TT"	74.7404	-85.8135	85.9928	74.2643	21.8067	21.7228	50.3522	0.967	"*"	"*"	"*"	"*"	"*"	"*"	"*"	"*"	"*"	"*"	"*"	"*"	30.6688	7.6631	27.7763	8.3255	24.8565	8.8709	21.9086	9.2496	18.9691	9.8597	15.9933	10.4004	12.9823	10.8306	9.9612	10.7719	6.9372	10.6402	3.9114	10.4319	0.9794	9.6015	-1.8061	8.221	-4.5535	6.9292	-7.351	5.949	-9.9845	4.5308	-12.0244	1.7078	-13.7938	-1.3575	-15.5932	-3.9838	-17.6125	-5.9423	-19.6347	-7.7755	-21.513	-9.7524	-23.3253	-11.7336	-25.0013	-13.8177	-26.5965	-15.9211	-28.3957	-17.7262	-30.0247	-19.6912	-31.2223	-22.0342	-31.5616	-25.0497	-31.8247	-27.951	-32.5986	-30.312	-33.5667	-32.4654	-34.4144	-34.6546	-35.6646	-36.5728	-37.5876	-38.1528	-39.4518	-39.8456
"sc01"	1.7195	"29/11/2016 15:13:33"	"Dico pugu lentamente"	"max_TD"	73.764	-1.3103	1.2875	82.3693	-1.5297	0.8621	"*"	"*"	"*"	"*"	"*"	"*"	"*"	"*"	"*"	"*"	"*"	"*"	"*"	"*"	"*"	"*"	"*"	"*"	"*"	"*"	"*"	"*"	18.6618	4.8201	15.9004	6.0192	13.0275	8.3894	9.9941	10.207	6.8739	11.2843	3.7565	11.5496	0.4977	12.2891	-2.7613	12.553	-6.0784	12.7382	-9.5029	12.9944	-12.901	12.8781	-16.307	12.5606	-18.6965	9.7537	-20.6637	6.3737	-22.6148	3.3251	-24.2719	0.0551	-25.3057	-3.8916	-25.3851	-8.8119	-26.3767	-12.0225	-26.9999	-15.4358	-27.3845	-18.849	-26.3013	-23.5089	-24.9491	-27.9753	-23.8038	-31.8334	-22.7921	-35.2374	-22.4534	-37.8514	-22.0273	-40.3496	-22.5103	-42.1127	-23.1828	-43.7192	-23.6608	-45.4082	-24.305	-46.9872
"sc01"	1.328	"29/11/2016 15:13:33"	"Dico pugu lentamente"	"NONS_TD"	73.874	25.5547	24.9672	82.0293	1.194	1.6975	"*"	"*"	"*"	"*"	"*"	"*"	"*"	"*"	"*"	"*"	"*"	"*"	"*"	"*"	"*"	"*"	27.6423	7.5891	24.6834	7.6455	21.8701	8.8682	18.9774	9.9952	15.9948	10.471	12.984	10.7396	9.969	10.6379	6.877	11.2529	"*"	"*"	0.4495	12.5581	-2.9162	13.2556	-6.2756	13.4893	-9.6173	13.369	-12.7408	12.4195	-15.6512	10.8988	-18.0906	8.3807	-20.4723	5.9829	-22.1639	2.4898	-24.0266	-0.3592	-25.0366	-4.3076	-25.5575	-8.5673	-25.4994	-13.1676	-24.9912	-17.8524	-24.609	-21.9307	-23.4487	-26.4338	-23.3883	-29.4535	-24.2426	-31.4497	-25.5646	-33.0009	-24.4493	-36.3682	-23.0273	-39.6664	-21.7539	-42.5866	-22.9323	-43.8626	"*"	"*"	-26.6754	-45.8695
"sc01"	1.1925	"29/11/2016 15:13:39"	"Dico pada lentamente"	"max_TT"	76.8979	-6.5498	3.8586	68.2208	-22.4552	23.7331	"*"	"*"	"*"	"*"	"*"	"*"	"*"	"*"	"*"	"*"	"*"	"*"	"*"	"*"	31.2688	10.3498	28.2201	10.7642	25.1473	10.9302	22.0762	10.9101	19.0353	10.9462	16.0052	10.9643	12.9832	10.785	9.9806	10.4393	6.9767	10.238	3.9348	10.2628	0.9047	10.0182	-2.0303	9.2379	-4.2634	5.8241	-6.3847	2.7854	-8.1045	-0.8501	-10.3875	-2.4404	-12.5226	-4.2384	-14.3932	-6.4351	-16.1902	-8.5774	-17.6437	-11.1377	-19.8484	-12.3247	-22.1304	-13.4286	-24.1945	-14.8708	-25.3714	-17.3951	-26.2978	-20.0556	-27.2609	-22.525	-28.5128	-24.6003	-29.2619	-27.0607	-30.0283	-29.4001	-30.7645	-31.6751	-31.7902	-33.6792	-32.2955	-35.9821	-32.6653	-38.29	-32.8008	-40.6466	-33.5212	-42.6418
"sc01"	1.197	"29/11/2016 15:13:39"	"Dico pada lentamente"	"NOFF_TT"	76.8255	-15.6288	13.0882	68.1463	-17.8375	19.1879	"*"	"*"	"*"	"*"	"*"	"*"	"*"	"*"	"*"	"*"	"*"	"*"	"*"	"*"	31.2656	10.3352	28.2061	10.6875	25.1321	10.8224	22.0639	10.7881	19.0327	10.9021	16.0039	10.9029	12.9835	10.7656	9.9838	10.3846	6.9734	10.2714	3.9258	10.3272	0.9049	10.0173	-2.0308	9.2402	-4.2446	5.7528	-6.3415	2.6441	-8.0071	-1.1289	-10.272	-2.7332	-12.4035	-4.5081	-14.3219	-6.5808	-16.1121	-8.722	-17.6188	-11.1797	-19.6674	-12.6042	-21.9296	-13.7134	-23.7592	-15.4389	-24.9854	-17.8594	-25.8707	-20.5298	-27.0454	-22.746	-28.3949	-24.712	-29.0919	-27.2093	-29.8931	-29.5092	-30.6037	-31.7946	-31.7489	-33.7074	-32.4475	-35.8869	-33.0905	-38.0465	-33.1762	-40.451	-33.7885	-42.5158
"sc01"	1.184	"29/11/2016 15:13:39"	"Dico pada lentamente"	"NONS_TT"	76.8383	19.9776	22.8157	68.4981	-33.7563	34.8396	"*"	"*"	"*"	"*"	"*"	"*"	"*"	"*"	"*"	"*"	"*"	"*"	"*"	"*"	31.3045	10.5097	28.2322	10.8309	25.1606	11.0243	22.0874	11.0212	19.0392	11.0096	16.0068	11.04	12.9834	10.7728	9.9834	10.3906	6.9951	10.0506	3.9608	10.0751	0.9182	9.9427	-1.9709	8.9682	-4.2389	5.7308	-6.3624	2.7123	-8.2301	-0.4906	-10.5068	-2.1382	-12.6824	-3.8761	-14.5447	-6.1257	-16.322	-8.3332	-17.7181	-11.012	-19.9319	-12.1956	-22.3026	-13.1843	-24.656	-14.2685	-25.9691	-16.676	-26.9339	-19.3493	-27.696	-22.0789	-28.8297	-24.3002	-29.6028	-26.7626	-30.2919	-29.1875	-31.0377	-31.472	-32.0149	-33.5256	-32.3276	-35.962	-32.403	-38.4401	-32.503	-40.8018	-33.3024	-42.745
"sc01"	1.1345	"29/11/2016 15:13:39"	"Dico pada lentamente"	"peak1_TT"	72.5944	106.0162	106.1382	71.0852	-48.6927	48.1911	"*"	"*"	"*"	"*"	"*"	"*"	"*"	"*"	"*"	"*"	"*"	"*"	33.0691	5.1477	30.2282	5.6901	27.3649	6.0652	24.5021	6.3623	21.6335	6.5246	18.77	6.595	15.9126	6.5937	13.0613	6.5615	10.2086	6.527	7.346	6.4785	4.4799	6.3264	1.5988	6.145	-1.2839	5.8525	-4.0094	4.8567	-6.6289	3.585	-8.956	1.587	-11.3612	0.0269	-13.4014	-2.2466	-15.5714	-4.0285	-17.454	-6.236	-19.7105	-7.6475	-21.5768	-9.6538	-23.0159	-12.1725	-24.6507	-14.2753	-26.6207	-15.8921	-28.8708	-17.1988	-30.2176	-19.4933	-31.0307	-22.2157	-31.8401	-24.8062	-32.3975	-27.489	-32.9065	-30.0832	-33.4555	-32.5414	-34.3093	-34.7205	-35.0484	-36.9255	-35.208	-39.3925	-35.5802	-41.671
"sc01"	1.2285	"29/11/2016 15:13:39"	"Dico pada lentamente"	"peak2_TT"	74.6579	-56.5643	56.7551	68.275	20.5936	19.743	50.3826	1.0229	"*"	"*"	"*"	"*"	"*"	"*"	"*"	"*"	"*"	"*"	33.6133	7.1985	30.7301	7.9373	27.8087	8.5038	24.8511	8.8331	21.892	9.0859	18.9369	9.3324	15.9744	9.5124	13.0056	9.5721	10.0342	9.5197	7.0642	9.3477	4.0958	9.1002	1.1476	8.663	-1.7966	8.1781	-4.136	5.3391	-6.2312	2.2828	-8.0315	-1.059	-10.2411	-2.8114	-12.3059	-4.7295	-14.2526	-6.7224	-16.4946	-8.0134	-18.2969	-10.0345	-19.8945	-12.2533	-21.2457	-14.6834	-23.2821	-16.0616	-25.6566	-17.052	-27.1616	-19.0965	-28.1872	-21.5752	-28.5848	-24.5321	-29.3329	-26.9985	-29.7811	-29.5996	-30.5256	-31.8526	-31.2486	-34.0492	-32.201	-36.0414	-32.8356	-38.1925	-33.2992	-40.387	-33.901	-42.4627
"sc01"	1.0685	"29/11/2016 15:13:44"	"Dico poco lentamente"	"max_TD"	69.9484	-39.957	40.0124	82.4063	-5.1193	3.1204	"*"	"*"	"*"	"*"	"*"	"*"	"*"	"*"	"*"	"*"	"*"	"*"	"*"	"*"	"*"	"*"	"*"	"*"	"*"	"*"	"*"	"*"	"*"	"*"	"*"	"*"	13.1046	4.2245	10.2936	5.0683	7.2876	7.0725	4.0057	9.7507	0.7087	11.1122	-2.6324	11.9685	-6.1091	12.855	-9.492	12.9587	-12.7873	12.5525	-15.6642	10.9316	-18.9107	10.2392	-21.4162	7.911	-23.0896	4.2047	-23.2136	-1.7319	-23.3397	-6.9297	-23.1151	-12.0318	-23.7038	-15.5112	-24.2955	-18.6895	-25.9026	-20.4944	-27.41	-22.3721	-28.3939	-24.7129	-28.8894	-27.3863	-29.2875	-29.9977	-29.9112	-32.3091	-30.5372	-34.5353	-31.3296	-36.5873	-32.0576	-38.6379	-33.3736	-40.3482	-34.3962	-42.2293
"sc01"	1.075	"29/11/2016 15:13:44"	"Dico poco lentamente"	"NOFF_TD"	69.7413	-39.5355	39.6309	82.3073	-15.5411	13.7253	48.6169	-2.2273	"*"	"*"	"*"	"*"	"*"	"*"	"*"	"*"	"*"	"*"	"*"	"*"	"*"	"*"	"*"	"*"	"*"	"*"	"*"	"*"	"*"	"*"	"*"	"*"	13.095	4.7393	10.2775	5.3449	7.2187	7.7746	3.9071	10.4627	0.5532	11.9798	-2.7027	12.2872	-6.1533	13.0233	-9.3921	12.6316	-12.666	12.2054	-15.4781	10.4599	-18.8126	10.017	-21.1238	7.3137	-23.0671	4.1631	-23.0618	-1.9883	-23.3625	-6.8944	-22.8467	-12.4126	-23.6084	-15.6358	-24.3406	-18.6352	-26.2082	-20.155	-27.752	-22.0214	-28.4901	-24.6218	-28.6438	-27.6011	-28.8528	-30.3483	-29.6836	-32.4783	-30.371	-34.6488	-31.22	-36.6559	-31.8103	-38.7795	-33.162	-40.4584	-34.1041	-42.367
"sc01"	1.057	"29/11/2016 15:13:44"	"Dico poco lentamente"	"NONS_TD"	70.4441	-38.9786	38.6429	82.3818	21.595	23.7389	"*"	"*"	"*"	"*"	"*"	"*"	"*"	"*"	"*"	"*"	"*"	"*"	"*"	"*"	"*"	"*"	"*"	"*"	"*"	"*"	"*"	"*"	"*"	"*"	"*"	"*"	13.1178	3.5088	10.3135	4.726	7.3465	6.4732	4.1147	8.9639	0.8935	10.0806	-2.4949	11.3447	-5.9602	12.2879	-9.5042	12.9988	-12.8665	12.7792	-15.8813	11.4818	-18.9409	10.3078	-21.7176	8.5267	-23.0079	4.0533	-23.4162	-1.3899	-23.3134	-6.9702	-23.6282	-11.304	-24.0278	-15.0884	-24.4189	-18.5411	-25.5197	-20.9195	-26.9124	-22.8823	-28.1761	-24.9191	-29.1543	-27.1548	-29.8187	-29.5692	-30.2325	-32.0704	-30.7974	-34.3575	-31.5343	-36.459	-32.4737	-38.3997	-33.7599	-40.1469	-34.8994	-41.992
"sc01"	0.9945	"29/11/2016 15:13:44"	"Dico poco lentamente"	"peak1_TD"	71.5948	15.9912	16.8571	77.5654	107.8339	107.9731	"*"	"*"	"*"	"*"	"*"	"*"	"*"	"*"	"*"	"*"	"*"	"*"	"*"	"*"	"*"	"*"	"*"	"*"	"*"	"*"	"*"	"*"	"*"	"*"	15.8599	4.1087	13.1302	2.8375	10.3904	3.4073	7.4418	5.5029	4.3648	7.1574	1.3942	7.2869	-1.5467	7.0445	-4.6909	7.4528	-7.9164	7.8001	-11.1584	7.8905	-14.2767	7.4154	-17.143	6.233	-19.9309	4.877	-22.5725	3.2468	-24.5422	0.5115	-25.6996	-3.283	-26.4791	-7.26	-27.5311	-10.5158	-28.8151	-13.2521	-29.8048	-16.1617	-30.6908	-19.0082	-31.4246	-21.8427	-32.7745	-23.9891	-33.7041	-26.4349	-33.871	-29.3665	-33.6964	-32.3768	-33.8311	-35.02	-34.7387	-37.1028	-35.7436	-39.1135	-36.6558	-41.1639
"sc01"	1.1195	"29/11/2016 15:13:44"	"Dico poco lentamente"	"peak2_TD"	68.7587	19.9261	18.1522	79.9409	-57.4188	57.4703	48.219	-2.9598	"*"	"*"	"*"	"*"	"*"	"*"	"*"	"*"	"*"	"*"	"*"	"*"	"*"	"*"	"*"	"*"	"*"	"*"	"*"	"*"	18.8024	7.1268	15.8997	5.9877	13.0838	5.3478	10.3027	4.9123	7.4628	5.2888	4.49	6.2535	1.3001	7.8121	-1.8109	8.2426	-5.2297	9.5051	-8.5408	9.8444	-12.1019	10.5909	-15.0206	9.3006	-17.5723	7.206	-19.8889	4.7911	-22.1478	2.46	-23.723	-0.8717	-24.4762	-5.1736	-24.9552	-9.4217	-25.0043	-13.8138	-25.4935	-17.2482	-25.5143	-20.9255	-26.99	-22.8027	-27.7452	-25.3273	-28.4049	-27.8101	-28.6628	-30.5016	-29.6233	-32.5231	-30.4964	-34.5632	-30.8586	-36.8824	-30.9969	-39.2452	-31.5474	-41.2996	"*"	"*"
"sc01"	1.1745	"29/11/2016 15:13:49"	"Dico pata lentamente"	"max_TT"	77.9577	-7.3128	4.3659	69.2532	-3.3684	4.3468	"*"	"*"	"*"	"*"	"*"	"*"	"*"	"*"	"*"	"*"	"*"	"*"	"*"	"*"	"*"	"*"	28.4356	11.9488	25.3335	12.2487	22.2254	12.3889	19.1347	12.5753	16.0435	12.7693	12.9536	12.3826	9.9069	11.7043	6.8878	11.1432	3.8163	11.1182	0.8773	10.1713	-1.6053	7.3102	-3.9641	4.6843	-6.2381	2.3055	-8.5625	0.4609	-10.656	-1.7601	-12.4266	-4.456	-14.3977	-6.4259	-15.9565	-9.0102	-17.7776	-10.9115	-19.4619	-12.9218	-21.699	-14.0404	-23.7567	-15.4422	-25.2763	-17.5095	-26.2816	-20.0735	-27.3936	-22.3889	-28.6641	-24.457	-29.3892	-26.9493	-29.8924	-29.5097	-30.9104	-31.5666	-32.1723	-33.4181	-33.0248	-35.5252	-33.3017	-37.9256	-33.5704	-40.2457	-34.2514	-42.2975
"sc01"	1.181	"29/11/2016 15:13:49"	"Dico pata lentamente"	"NOFF_TT"	77.826	-23.3612	20.504	69.2524	2.0905	1.1063	51.8868	3.7919	"*"	"*"	"*"	"*"	"*"	"*"	"*"	"*"	"*"	"*"	"*"	"*"	31.4905	11.3424	28.3949	11.7246	25.3032	12.0337	22.2059	12.1955	19.1279	12.4635	16.0418	12.693	12.954	12.3582	9.9094	11.6608	6.8881	11.1399	3.8222	11.0758	0.7541	10.8583	-1.7627	8.0241	-4.1319	5.3234	-6.3587	2.7003	-8.6506	0.7131	-10.7486	-1.5254	-12.2966	-4.7504	-14.2261	-6.7765	-15.8029	-9.2949	-17.6567	-11.1157	-19.4013	-13.0154	-21.6509	-14.1087	-23.7135	-15.4985	-25.2412	-17.5517	-26.2715	-20.0847	-27.3386	-22.4453	-28.4812	-24.6302	-29.155	-27.1541	-29.6443	-29.7099	-30.7587	-31.6794	-31.8531	-33.6362	-32.7653	-35.6878	-33.027	-38.0829	-33.5023	-40.2811	-34.1242	-42.3575
"sc01"	1.166	"29/11/2016 15:13:49"	"Dico pata lentamente"	"NONS_TT"	77.9945	20.8817	23.7923	69.3708	-12.5656	13.4926	"*"	"*"	"*"	"*"	"*"	"*"	"*"	"*"	"*"	"*"	"*"	"*"	"*"	"*"	"*"	"*"	28.4815	12.2008	25.3696	12.5041	22.2485	12.6177	19.1419	12.6939	16.0447	12.8262	12.9537	12.3755	9.9054	11.7295	6.8894	11.127	3.8117	11.1512	1.0325	9.3052	-1.4117	6.4321	-3.7512	3.8732	-6.0854	1.8055	-8.4497	0.138	-10.5411	-2.0513	-12.5871	-4.0923	-14.6067	-5.999	-16.1631	-8.6276	-17.9445	-10.6296	-19.5655	-12.7617	-21.778	-13.9285	-23.837	-15.3373	-25.3402	-17.4326	-26.3321	-20.0175	-27.4959	-22.284	-28.9244	-24.2105	-29.7083	-26.6703	-30.2237	-29.2425	-31.124	-31.4079	-32.5778	-33.1411	-33.3609	-35.3146	-33.6581	-37.7215	-33.6836	-40.1867	-34.4423	-42.2075
"sc01"	1.1165	"29/11/2016 15:13:49"	"Dico pata lentamente"	"peak1_TT"	73.7769	108.8963	109.0145	70.9353	-34.0214	33.7601	"*"	"*"	"*"	"*"	"*"	"*"	"*"	"*"	"*"	"*"	"*"	"*"	"*"	"*"	30.4747	6.794	27.5942	7.3248	24.6934	7.7162	21.7753	7.9299	18.8584	8.044	15.9421	7.9854	13.0381	7.8174	10.1369	7.7565	7.2246	7.7142	4.3008	7.6199	1.3607	7.4739	-1.5129	6.8913	-4.1731	5.4804	-6.6588	3.6829	-9.0447	1.8408	-11.4313	0.2046	-13.6442	-1.6965	-15.6637	-3.8399	-17.5329	-6.0899	-19.5239	-7.9627	-21.5687	-9.6662	-23.3728	-11.6662	-24.9708	-13.8575	-26.7243	-15.7674	-28.7164	-17.3702	-30.3855	-19.3212	-31.2781	-21.9814	-32.0523	-24.6206	-32.6385	-27.2945	-33.3078	-29.785	-34.0263	-32.1514	-34.7945	-34.4165	-35.6767	-36.5658	-36.1239	-38.9154	-36.789	-41.1011
"sc01"	1.2185	"29/11/2016 15:13:49"	"Dico pata lentamente"	"peak2_TT"	74.8888	-86.4639	86.6356	70.2674	32.5661	32.1655	"*"	"*"	"*"	"*"	"*"	"*"	"*"	"*"	"*"	"*"	"*"	"*"	"*"	"*"	30.6924	7.7685	27.78	8.3458	24.851	8.8326	21.9071	9.2351	18.9534	9.6027	15.984	9.9623	12.9939	10.2061	10.0017	10.0771	7.0208	9.7892	4.0911	9.1339	1.1297	8.7626	-1.752	7.9754	-4.4853	6.6696	-6.5726	3.4006	-8.5085	0.3062	-10.4085	-2.3874	-12.3645	-4.5967	-14.1988	-6.8322	-15.755	-9.3837	-17.6734	-11.0875	-19.4806	-12.8929	-21.4008	-14.4635	-23.2386	-16.1184	-24.6094	-18.3118	-25.8879	-20.5107	-27.1922	-22.5954	-28.4022	-24.705	-29.4223	-26.9204	-29.9883	-29.4324	-30.8255	-31.6297	-31.7085	-33.735	-32.6204	-35.7786	-33.5244	-37.7981	-33.9199	-40.0636	-34.6452	-42.1119
"sc01"	1.2205	"29/11/2016 15:13:59"	"Dico podo lentamente"	"max_TT"	77.516	-6.3076	3.5362	73.2064	5.064	5.1956	51.56	3.1903	"*"	"*"	"*"	"*"	"*"	"*"	"*"	"*"	"*"	"*"	"*"	"*"	31.4469	11.1473	28.3559	11.5108	25.2336	11.5411	22.1158	11.3029	19.0245	10.7688	15.9943	10.452	12.99	10.4166	9.9784	10.4763	6.9579	10.4295	3.9582	10.0937	0.9685	9.6624	-1.9874	9.0434	-4.8055	7.8893	-7.2909	5.7523	-9.7838	3.9563	-12.0429	1.7545	-14.41	0.0392	-16.2878	-2.5649	-18.1693	-4.9108	-20.0238	-7.1184	-21.9553	-9.0689	-23.8715	-10.9588	-25.4504	-13.2316	-26.9462	-15.5005	-28.2784	-17.8564	-29.6952	-20.0289	-30.9453	-22.2966	-31.4905	-25.1118	-31.9239	-27.871	-31.9509	-30.7934	-32.6352	-33.1018	-33.3812	-35.3019	-34.5787	-37.1944	-35.7469	-39.1118	"*"	"*"
"sc01"	1.224	"29/11/2016 15:13:59"	"Dico podo lentamente"	"NOFF_TT"	77.4339	-12.9356	10.3378	73.2066	4.8218	4.8943	51.5535	3.1782	"*"	"*"	"*"	"*"	"*"	"*"	"*"	"*"	"*"	"*"	"*"	"*"	31.3695	10.8005	28.3291	11.3632	25.2172	11.4247	22.1061	11.2068	19.0209	10.7099	15.9939	10.4291	12.9893	10.4522	9.9783	10.4792	6.9541	10.4679	3.9676	10.0254	0.9959	9.5094	-1.9325	8.7943	-4.8166	7.9316	-7.3156	5.833	-9.8242	4.072	-11.9903	1.6212	-14.4122	0.0442	-16.309	-2.5216	-18.2155	-4.8252	-20.013	-7.1367	-22.0141	-8.9781	-24.0043	-10.7705	-25.575	-13.0689	-26.9685	-15.4736	-28.2799	-17.8548	-29.7247	-19.9987	-30.9829	-22.261	-31.4515	-25.1459	-31.8393	-27.9392	-31.8526	-30.8664	-32.539	-33.1676	-33.3155	-35.3431	-34.5039	-37.2373	-35.8149	-39.0764	"*"	"*"
"sc01"	1.21	"29/11/2016 15:13:59"	"Dico podo lentamente"	"NONS_TT"	77.5492	28.6827	31.9862	73.2951	8.0795	8.4419	51.5854	3.237	"*"	"*"	"*"	"*"	"*"	"*"	"*"	"*"	"*"	"*"	"*"	"*"	"*"	"*"	28.4354	11.9475	25.2823	11.8861	22.1445	11.5866	19.0349	10.9389	15.9956	10.5102	12.9921	10.3004	9.9795	10.4582	6.9699	10.3074	3.9316	10.2858	0.8892	10.1045	-2.1475	9.7692	-4.7714	7.7594	-7.2195	5.5184	-9.666	3.6192	-12.2	2.1527	-14.4031	0.0235	-16.2271	-2.689	-18.0345	-5.1605	-20.0578	-7.0611	-21.7839	-9.3338	-23.4827	-11.5103	-25.0877	-13.705	-26.8845	-15.5746	-28.2771	-17.8579	-29.6089	-20.1174	-30.8353	-22.4008	-31.6097	-25.0076	-32.1792	-27.6651	-32.2505	-30.5707	-32.9273	-32.9023	-33.5771	-35.1792	-34.7906	-37.0731	-35.5388	-39.2202	-36.4053	-41.282
"sc01"	1.1545	"29/11/2016 15:13:59"	"Dico podo lentamente"	"peak1_TT"	71.1655	155.5347	155.7751	71.8654	50.8041	51.363	"*"	"*"	"*"	"*"	"*"	"*"	"*"	"*"	"*"	"*"	"*"	"*"	"*"	"*"	"*"	"*"	27.0887	4.5475	24.2607	4.6531	21.4487	4.6938	18.6576	4.7511	15.8753	4.8346	13.0898	5.0239	10.2927	5.0835	7.4755	5.1602	4.6933	4.786	1.9196	4.3549	-0.7619	3.4854	-3.5433	3.0814	-6.4102	2.8688	-9.5542	3.2992	-12.6582	3.3138	-15.5754	2.6804	-18.1474	1.2336	-20.2484	-1.059	-22.2906	-3.2906	-24.0613	-5.8146	-26.4251	-7.3367	-28.1001	-9.7732	-29.7202	-12.1631	-30.9789	-14.8581	-32.3926	-17.2632	-33.7354	-19.6542	-34.2752	-22.6768	-34.8288	-25.5277	-34.8687	-28.625	-35.1734	-31.3676	-35.5276	-33.9572	-36.1154	-36.3146	-36.5616	-38.6873	-37.2106	-40.9023
"sc01"	1.2535	"29/11/2016 15:13:59"	"Dico podo lentamente"	"peak2_TT"	75.5392	-49.8085	50.045	73.4791	14.4424	13.9389	"*"	"*"	"*"	"*"	"*"	"*"	"*"	"*"	"*"	"*"	"*"	"*"	33.6637	7.3884	30.8013	8.2565	27.8958	8.9821	24.9223	9.3371	21.9348	9.5094	18.9559	9.6433	15.9816	9.8509	12.9961	10.0843	9.9966	10.1646	6.9975	10.0261	4.0079	9.7345	1.0763	9.0609	-1.9356	8.808	-4.6561	7.3202	-7.2639	5.6641	-9.5561	3.3046	-12.0278	1.7162	-14.4424	0.1127	-16.5208	-2.089	-18.4813	-4.3328	-20.5631	-6.2078	-22.4113	-8.3642	-24.481	-10.0943	-26.0751	-12.4162	-27.7213	-14.5679	-28.6399	-17.4551	-29.5069	-20.2221	-30.6433	-22.5826	-31.1863	-25.3779	-31.364	-28.3226	-31.2743	-31.2962	-31.9977	-33.5374	-32.985	-35.5501	-33.3806	-37.8804	-34.6385	-39.6892	-35.3855	-41.7628
"sc01"	1.2835	"29/11/2016 15:14:11"	"Dico paca lentamente"	"max_TD"	67.0699	34.4543	33.3519	81.3661	-5.2757	3.4809	48.4775	-2.484	"*"	"*"	"*"	"*"	"*"	"*"	"*"	"*"	"*"	"*"	"*"	"*"	"*"	"*"	"*"	"*"	"*"	"*"	21.2495	2.7205	18.5947	3.7203	15.8775	4.9409	13.0528	7.023	10.041	9.4023	6.9209	10.806	3.7419	11.6554	0.5164	12.1848	-2.8779	13.0819	-6.2224	13.2868	-9.5246	13.0653	-12.4805	11.6744	-14.8965	8.9862	-16.9881	5.8819	-18.9336	2.8397	-20.7308	-0.1653	-22.4689	-2.9895	-23.3888	-6.8537	-24.0533	-10.701	-23.451	-15.8411	-23.8264	-19.2539	-24.5458	-22.0008	-26.0094	-23.8081	-26.8785	-26.148	-27.3791	-28.7071	-28.1049	-30.9517	-28.6795	-33.2245	-29.6683	-35.129	-30.5644	-37.0667	-31.5343	-38.9375	-33.1719	-40.4533	-34.5131	-42.1741
"sc01"	1.291	"29/11/2016 15:14:11"	"Dico paca lentamente"	"NOFF_TD"	67.3481	42.141	40.9279	81.2343	-16.2811	14.6751	"*"	"*"	"*"	"*"	"*"	"*"	"*"	"*"	"*"	"*"	"*"	"*"	"*"	"*"	"*"	"*"	"*"	"*"	"*"	"*"	21.2575	2.8004	18.6005	3.8144	15.884	5.2445	13.0442	7.4869	10.0192	9.7771	6.9018	11.0003	3.7466	11.6218	0.5104	12.2183	-2.8054	12.753	-6.0936	12.796	-9.4151	12.7068	-12.3363	11.2616	-14.8201	8.7925	-16.8815	5.6405	-18.987	2.9488	-20.8867	0.1236	-22.5429	-2.8645	-23.2548	-7.0608	-23.8555	-10.9815	-23.3759	-15.9393	-23.8018	-19.2834	-24.3683	-22.1979	-26.005	-23.8127	-27.0267	-26.0077	-27.7255	-28.4041	-28.2698	-30.8187	-28.8351	-33.1088	-29.6833	-35.1187	-30.5581	-37.0706	-31.4682	-38.9754	-33.0767	-40.5028	-34.3993	-42.2278
"sc01"	1.271	"29/11/2016 15:14:11"	"Dico paca lentamente"	"NONS_TD"	66.7587	20.8969	20.0081	81.3671	20.752	22.85	"*"	"*"	"*"	"*"	"*"	"*"	"*"	"*"	"*"	"*"	"*"	"*"	"*"	"*"	"*"	"*"	"*"	"*"	"*"	"*"	21.2719	2.9431	18.5462	2.9251	15.8555	3.9009	13.0714	6.0142	10.1216	8.0194	6.977	10.2351	3.7919	11.2943	0.4725	12.4302	-3.0093	13.6778	-6.3256	13.6799	-9.5066	13.0066	-12.4084	11.468	-15.1505	9.6298	-17.2256	6.4203	-19.0226	3.0215	-20.719	-0.187	-22.4692	-2.9891	-23.4796	-6.7134	-23.5128	-11.4676	-23.3193	-16.0131	-23.7136	-19.3896	-25.2702	-21.1965	-25.8481	-23.9736	-26.8028	-26.2198	-27.0518	-28.9932	-28.322	-30.7766	-28.7957	-33.1381	-29.7565	-35.0687	-30.5868	-37.0527	-31.5146	-38.9488	-33.1468	-40.4664	-34.5119	-42.1747
"sc01"	1.2135	"29/11/2016 15:14:11"	"Dico paca lentamente"	"peak1_TD"	66.5279	22.7242	23.5882	76.9508	107.4448	107.5382	45.5255	-7.918	"*"	"*"	"*"	"*"	"*"	"*"	"*"	"*"	"*"	"*"	"*"	"*"	"*"	"*"	"*"	"*"	"*"	"*"	21.454	4.7466	18.7049	5.5275	15.8908	5.5675	13.0668	6.268	10.1744	7.1138	7.2089	7.8746	4.2907	7.6927	1.3297	7.6466	-1.5981	7.2778	-4.71	7.5253	-7.8094	7.4499	-10.9646	7.3358	-13.7963	6.1981	-16.5481	4.8848	-18.9206	2.8131	-21.2483	0.7935	-23.1793	-1.79	-25.2406	-3.9922	-26.4177	-7.3472	-26.5965	-11.7356	-26.5405	-15.9885	-27.36	-18.8762	-28.4514	-21.3043	-29.4618	-23.7015	-29.7914	-26.5976	-30.727	-28.8365	-31.3731	-31.2228	-32.2615	-33.3572	-33.1762	-35.4304	-34.4198	-37.2854	-35.5949	-39.1909	-36.7001	-41.143
"sc01"	1.3565	"29/11/2016 15:14:11"	"Dico paca lentamente"	"peak2_TD"	72.4923	84.9457	85.3119	78.0415	-61.4719	61.4929	51.7808	3.5966	"*"	"*"	"*"	"*"	"*"	"*"	"*"	"*"	"*"	"*"	"*"	"*"	"*"	"*"	27.516	6.8953	24.375	5.462	21.3907	4.1197	18.6888	5.2636	15.9051	6.24	13.0516	7.0843	10.143	7.6519	7.1741	8.2288	4.1465	8.7338	1.0825	9.026	-2.0572	9.3599	-5.1986	9.3868	-8.2977	9.0487	-11.3124	8.3314	-13.853	6.3418	-16.1539	3.9915	-17.9759	0.8834	-19.5397	-2.3719	-20.5988	-6.1474	-21.4473	-9.8538	-23.0777	-12.0848	-24.7584	-14.1348	-26.3125	-16.2629	-27.2456	-19.0032	-28.3088	-21.4505	-29.1143	-24.0307	-29.8696	-26.5293	-30.6583	-28.8919	-31.7707	-30.9273	-32.608	-33.1204	-33.3498	-35.3216	-33.6015	-37.754	-33.9191	-40.064	-34.144	-42.3482
"sc01"	1.1205	"29/11/2016 15:14:22"	"Dico pucu lentamente"	"max_TD"	65.0605	57.8823	56.6788	81.5819	-1.9779	1.3065	"*"	"*"	"*"	"*"	"*"	"*"	"*"	"*"	"*"	"*"	"*"	"*"	"*"	"*"	"*"	"*"	"*"	"*"	"*"	"*"	"*"	"*"	"*"	"*"	15.9943	10.4516	12.9979	9.9896	10.0143	9.8616	6.9029	10.9894	3.6777	12.1188	0.3545	13.0881	-2.84	12.9101	-6.1359	12.9569	-9.4125	12.6985	-12.6247	12.087	-15.8618	11.4323	-19.0913	10.6485	-21.6843	8.4585	-23.8788	5.6668	-25.1768	1.5832	-25.9702	-2.8649	-25.7345	-8.3163	-25.2332	-13.5151	-25.2664	-17.5214	-25.5839	-20.8482	-26.6203	-23.1818	-26.709	-26.3085	-26.213	-29.7267	-25.4079	-33.1273	-24.197	-36.5557	-23.7605	-39.1654	-22.8672	-41.8891	-23.3284	-43.6358	-23.9582	-45.2533	-24.7026	-46.7997
"sc01"	1.125	"29/11/2016 15:14:22"	"Dico pucu lentamente"	"NOFF_TD"	65.3132	61.6493	60.6346	81.5269	-4.2114	3.5858	46.8256	-5.5247	"*"	"*"	"*"	"*"	"*"	"*"	"*"	"*"	"*"	"*"	"*"	"*"	"*"	"*"	"*"	"*"	"*"	"*"	"*"	"*"	18.9626	9.7539	15.9909	10.2915	13.0025	9.739	10.0298	9.5951	6.9284	10.7298	3.7019	11.9443	0.3897	12.892	-2.7882	12.6749	-6.0807	12.747	-9.3808	12.5946	-12.6084	12.0404	-15.9299	11.6049	-19.0921	10.6504	-21.6917	8.4737	-23.8056	5.5312	-25.325	1.8334	-26.2826	-2.3821	-26.0049	-7.9327	-25.4541	-13.2268	-25.5433	-17.1883	-25.9187	-20.4765	-26.781	-23.017	-26.5196	-26.4879	-26.1938	-29.7435	-25.4851	-33.0651	-24.3533	-36.4395	-23.7951	-39.1418	-22.8961	-41.871	-23.3853	-43.6033	-24.0197	-45.2212	-24.7779	-46.7642
"sc01"	1.11	"29/11/2016 15:14:22"	"Dico pucu lentamente"	"NONS_TD"	64.2187	40.6265	38.7344	81.6759	5.9853	6.6986	"*"	"*"	"*"	"*"	"*"	"*"	"*"	"*"	"*"	"*"	"*"	"*"	"*"	"*"	"*"	"*"	"*"	"*"	"*"	"*"	"*"	"*"	"*"	"*"	16.0025	10.8388	12.9866	10.5962	9.9716	10.5933	6.8368	11.6625	3.5952	12.7148	0.2614	13.608	-2.9789	13.54	-6.2223	13.2861	-9.4519	12.8276	-12.6183	12.0689	-15.7467	11.1408	-18.996	10.4326	-21.5747	8.2347	-23.8323	5.5807	-24.8101	0.964	-25.3107	-3.8839	-25.1337	-9.1684	-24.6922	-14.2212	-24.6202	-18.2989	-24.9452	-21.5573	-26.3767	-23.4316	-27.0187	-26.0153	-26.1811	-29.7546	-25.159	-33.3281	-23.896	-36.7794	-23.7199	-39.1931	-22.8474	-41.9015	-23.2401	-43.6864	-23.8027	-45.3343	-24.4906	-46.8996
"sc01"	1.0605	"29/11/2016 15:14:22"	"Dico pucu lentamente"	"peak1_TD"	64.6599	-92.6075	94.9936	80.4432	28.2574	28.3031	"*"	"*"	"*"	"*"	"*"	"*"	"*"	"*"	"*"	"*"	"*"	"*"	"*"	"*"	"*"	"*"	"*"	"*"	"*"	"*"	"*"	"*"	"*"	"*"	"*"	"*"	12.9841	10.7326	9.9873	10.3238	6.8377	11.6531	"*"	"*"	0.2569	13.6332	-2.7648	12.569	-5.8178	11.7455	-8.9925	11.3232	-12.1719	10.7912	-15.3003	10.0094	-18.4302	9.1503	-21.6351	8.3582	-23.9533	5.8049	-25.5799	2.2638	-25.5858	-3.4589	-26.0119	-7.9228	-25.2182	-13.5347	-25.1422	-17.6708	-24.7113	-21.8171	-25.3832	-24.4503	-25.0391	-27.89	-24.6098	-31.1286	-24.5669	-33.8057	-25.5129	-35.5778	-25.2622	-38.1394	-24.52	-40.8536	-23.4448	-43.5692	-23.4961	-45.494	-23.8103	-47.2204
"sc01"	1.1545	"29/11/2016 15:14:22"	"Dico pucu lentamente"	"peak2_TD"	67.3268	74.9016	74.8692	81.0252	-13.4716	13.4926	47.1903	-4.8533	"*"	"*"	"*"	"*"	"*"	"*"	"*"	"*"	"*"	"*"	"*"	"*"	"*"	"*"	"*"	"*"	"*"	"*"	"*"	"*"	18.8379	7.7077	15.9675	9.1833	13.0158	9.0227	10.0726	8.8611	7.1573	8.3989	4.1391	8.7875	0.8413	10.3722	-2.5925	11.7876	-6.0406	12.5942	-9.1582	11.8658	-12.3713	11.3618	-15.4333	10.3464	-18.4596	9.2168	-20.849	6.7523	-23.1977	4.405	-24.8187	0.9785	-26.1529	-2.5826	-25.6682	-8.4103	-25.1821	-13.5818	-25.2669	-17.5208	-26.4867	-19.8458	-27.5715	-22.2065	-26.9264	-26.1027	-26.082	-29.8413	-25.6029	-32.97	-26.192	-35.0731	-26.0214	-37.6206	-25.2937	-40.3689	-24.5517	-42.9354	-24.7988	-44.8154	-25.3611	-46.4892
"sc01"	1.1895	"29/11/2016 15:14:28"	"Dico paga lentamente"	"max_TD"	69.112	42.5472	43.1709	81.4379	-5.5885	3.067	"*"	"*"	"*"	"*"	"*"	"*"	"*"	"*"	"*"	"*"	"*"	"*"	"*"	"*"	"*"	"*"	"*"	"*"	23.9439	2.4102	21.2741	2.9642	18.6457	4.5572	15.9233	7.1008	13.0084	9.4219	9.8988	11.8432	6.6859	13.1987	3.5076	13.3471	0.383	12.9296	-2.9251	13.2956	-6.3279	13.6884	-9.7535	13.8151	-12.5264	11.8058	-14.9987	9.2451	-17.4124	6.8437	-19.8828	4.7785	-21.2746	0.8421	-22.0888	-3.6314	-22.5926	-8.0841	-23.419	-11.6007	-23.8604	-15.3069	-24.6409	-18.274	-25.6107	-20.8184	-26.2721	-23.5388	-26.6899	-26.3267	-26.7542	-29.2535	-27.0997	-31.7626	-27.1413	-34.3676	-27.8126	-36.3968	-28.509	-38.3545	-29.1735	-40.2892	-29.8998	-42.1579	-30.7465	-43.9501
"sc01"	1.18	"29/11/2016 15:14:28"	"Dico paga lentamente"	"NONS_TD"	68.673	49.2287	49.7971	81.5136	21.5187	24.1356	"*"	"*"	"*"	"*"	"*"	"*"	"*"	"*"	"*"	"*"	"*"	"*"	"*"	"*"	"*"	"*"	"*"	"*"	"*"	"*"	21.1927	2.1577	18.5975	3.7667	15.9021	6.102	13.0101	9.33	9.8949	11.9102	6.6634	13.4275	3.539	13.1202	0.4485	12.5641	-2.8071	12.7608	-6.1628	13.0595	-9.5674	13.2057	-12.539	11.8418	-15.1437	9.6127	-17.5934	7.2537	-19.8296	4.67	-21.4454	1.1586	-22.4559	-3.0116	-23.1964	-7.1511	-23.4873	-11.5038	-23.8225	-15.3563	-24.3566	-18.6159	-25.3589	-21.098	-25.9409	-23.8785	-26.4904	-26.5156	-26.9727	-29.0624	-27.279	-31.6179	-27.3984	-34.1765	-27.9444	-36.3068	-28.6711	-38.2529	-29.3459	-40.1905	-30.0659	-42.0714	-30.8918	-43.8815
"sc01"	1.1275	"29/11/2016 15:14:28"	"Dico paga lentamente"	"peak1_TD"	65.1133	47.6933	46.8903	77.0392	111.4731	111.6199	"*"	"*"	"*"	"*"	"*"	"*"	"*"	"*"	"*"	"*"	"*"	"*"	"*"	"*"	28.3289	-2.8149	25.9888	-1.4967	23.5777	-0.1827	21.1031	1.2709	18.5359	2.7564	15.8683	4.5076	13.0464	7.3652	10.0684	8.9331	6.9482	10.5285	3.9607	10.0752	0.904	10.0223	-2.1252	9.6683	-5.3071	9.8001	-8.3189	9.1181	-11.113	7.7605	-13.7531	6.0885	-16.338	4.4085	-18.8358	2.6399	-21.2709	0.8354	-23.2028	-1.7502	-24.9338	-4.4664	-26.0256	-7.9033	-26.5214	-11.8337	-26.3111	-16.2645	-26.334	-20.0154	-27.3883	-22.3944	-28.6923	-24.4303	-29.7525	-26.6316	-30.5416	-28.986	-31.2407	-31.3212	-32.0992	-33.4681	-32.7168	-35.7182	-32.8424	-38.1886	-33.1818	-40.4481	-33.411	-42.6938
"sc01"	1.1275	"29/11/2016 15:14:28"	"Dico paga lentamente"	"peak2_TD"	65.1133	47.6933	46.8903	77.0392	111.4731	111.6199	"*"	"*"	"*"	"*"	"*"	"*"	"*"	"*"	"*"	"*"	"*"	"*"	"*"	"*"	28.3289	-2.8149	25.9888	-1.4967	23.5777	-0.1827	21.1031	1.2709	18.5359	2.7564	15.8683	4.5076	13.0464	7.3652	10.0684	8.9331	6.9482	10.5285	3.9607	10.0752	0.904	10.0223	-2.1252	9.6683	-5.3071	9.8001	-8.3189	9.1181	-11.113	7.7605	-13.7531	6.0885	-16.338	4.4085	-18.8358	2.6399	-21.2709	0.8354	-23.2028	-1.7502	-24.9338	-4.4664	-26.0256	-7.9033	-26.5214	-11.8337	-26.3111	-16.2645	-26.334	-20.0154	-27.3883	-22.3944	-28.6923	-24.4303	-29.7525	-26.6316	-30.5416	-28.986	-31.2407	-31.3212	-32.0992	-33.4681	-32.7168	-35.7182	-32.8424	-38.1886	-33.1818	-40.4481	-33.411	-42.6938
"sc01"	1.2915	"29/11/2016 15:14:44"	"Dico putu lentamente"	"max_TT"	77.8013	-5.6648	3.7651	78.0107	-49.6349	50.1728	52.0264	4.0489	"*"	"*"	"*"	"*"	"*"	"*"	"*"	"*"	"*"	"*"	"*"	"*"	31.3674	10.791	28.356	11.5112	25.2997	12.0092	22.2123	12.2583	19.1244	12.4061	16.0381	12.5138	12.9486	12.6509	9.8597	12.5139	6.7758	12.283	3.6461	12.3475	0.4991	12.2818	-2.6519	12.057	-5.689	11.2546	-8.5157	9.7622	-11.192	7.9866	-13.5473	5.5671	-15.7862	3.1582	-17.8958	0.7197	-19.8793	-1.7428	-21.8873	-3.9717	-23.7794	-6.2502	-25.4725	-8.6879	-26.1528	-12.3148	-25.9048	-16.7533	-25.4732	-20.9711	-24.5792	-25.2747	-23.4186	-29.4248	-22.1023	-33.3213	-21.9586	-35.9098	-22.1934	-38.0446	-22.6084	-39.9526	-22.7839	-41.9413	-23.1861	-43.7173	-24.6217	-44.9076	-25.7554	-46.3033
"sc01"	1.298	"29/11/2016 15:14:44"	"Dico putu lentamente"	"NOFF_TT"	77.7375	-16.2277	14.3089	77.6842	-45.9442	46.6576	"*"	"*"	"*"	"*"	"*"	"*"	"*"	"*"	"*"	"*"	"*"	"*"	"*"	"*"	31.351	10.7177	28.33	11.3682	25.2761	11.8418	22.1956	12.0931	19.1154	12.2587	16.0352	12.3776	12.9523	12.4514	9.8715	12.3119	6.7979	12.0578	3.6894	12.0344	0.5644	11.9173	-2.5571	11.6268	-5.5807	10.842	-8.4357	9.5003	-11.0986	7.7194	-13.4504	5.3215	-15.5158	2.5452	-17.5066	-0.0752	-19.4022	-2.6267	-21.4315	-4.7413	-23.3781	-6.8703	-25.172	-9.1141	-25.8146	-12.7563	-25.6689	-17.0372	-25.338	-21.1212	-24.7668	-25.0823	-23.8448	-29.0211	-22.5499	-32.9298	-22.3792	-35.5704	-22.6254	-37.7236	-23.0464	-39.6533	-23.236	-41.658	-23.4644	-43.5579	-24.8709	-44.7778	-25.9535	-46.2099
"sc01"	1.284	"29/11/2016 15:14:44"	"Dico putu lentamente"	"NONS_TT"	77.8346	10.3302	12.1498	78.5574	-52.7115	52.845	52.184	4.3389	"*"	"*"	"*"	"*"	"*"	"*"	"*"	"*"	"*"	"*"	"*"	"*"	"*"	"*"	28.4028	11.7684	25.316	12.1244	22.2267	12.4008	19.1308	12.5118	16.0415	12.6786	12.9448	12.8565	9.8392	12.8664	6.7326	12.7234	3.5857	12.7836	0.4264	12.687	-2.7448	12.4783	-5.8283	11.7851	-8.7303	10.4651	-11.419	8.6362	-13.8256	6.2722	-16.0504	3.7569	-18.2155	1.3727	-20.1587	-1.2252	-22.1729	-3.4895	-23.9173	-6.0372	-25.629	-8.4659	-25.9536	-12.5748	-25.5505	-17.1796	-24.9588	-21.5422	-24.1441	-25.7207	-22.9646	-29.8547	-21.6335	-33.7312	-21.5925	-36.2051	-21.9824	-38.2014	-22.2783	-40.1781	-22.4891	-42.126	-22.8961	-43.8833	-24.2154	-45.1193	-25.1967	-46.5667
"sc01"	1.2395	"29/11/2016 15:14:44"	"Dico putu lentamente"	"peak1_TT"	75.8615	52.1507	52.2118	80.6206	-24.7345	23.5443	"*"	"*"	"*"	"*"	"*"	"*"	"*"	"*"	"*"	"*"	"*"	"*"	"*"	"*"	"*"	"*"	27.9236	9.135	24.9021	9.1944	21.9178	9.3416	18.956	9.6456	15.988	10.1517	12.9899	10.4198	9.9779	10.4862	6.9461	10.5495	3.8758	10.6883	0.7274	11.0075	-2.5229	11.4717	-5.8285	11.786	-9.1684	11.8994	-12.3759	11.3751	-15.3721	10.1914	-17.5705	7.2019	-19.5025	4.0018	-21.364	1.0078	-23.4781	-1.2854	-25.4694	-3.6388	-26.2339	-7.6078	-25.6132	-13.0191	-24.1564	-18.8568	-22.9545	-23.7676	-21.6988	-28.2281	-20.9592	-31.7539	-20.3662	-34.8394	-21.0692	-36.6273	-21.4299	-38.612	-21.8617	-40.4628	-22.2805	-42.2567	-22.6268	-44.0375	-22.9871	-45.7592	-23.4323	-47.3986
"sc01"	1.3385	"29/11/2016 15:14:44"	"Dico putu lentamente"	"peak2_TT"	75.5449	-64.7068	64.9147	76.7498	7.4387	5.9566	51.0644	2.278	"*"	"*"	"*"	"*"	"*"	"*"	"*"	"*"	"*"	"*"	"*"	"*"	30.9089	8.738	27.9275	9.1564	24.9604	9.607	21.9961	10.117	19.0331	10.9097	16.0171	11.5236	12.9605	12.0065	9.8909	11.9785	6.8323	11.7075	3.7621	11.5099	0.7089	11.111	-2.3809	10.8279	-5.401	10.1577	-8.1724	8.6385	-10.7434	6.7027	-13.0271	4.2487	-15.4635	2.4267	-17.7625	0.4475	-19.6454	-2.176	-21.1424	-5.2296	-22.6826	-7.945	-24.6484	-9.8569	-25.8173	-12.7527	-26.115	-16.5005	-26.2292	-20.1318	-26.4501	-23.3563	-26.3561	-26.6428	-25.7207	-30.1572	-24.988	-33.466	-24.6933	-36.1868	-24.4479	-38.6957	-24.7291	-40.7226	-24.8318	-42.775	-25.6719	-44.3605	-26.3529	-46.0216
"sc01"	1.4105	"29/11/2016 15:15:15"	"Dico pudu lentamente"	"max_TT"	77.5229	-2.0065	1.03	81.012	-24.7822	24.2081	52.5925	5.0908	"*"	"*"	"*"	"*"	"*"	"*"	"*"	"*"	"*"	"*"	"*"	"*"	31.4085	10.9751	28.3024	11.2167	25.2328	11.5357	22.139	11.533	19.0755	11.6054	16.0191	11.621	12.9602	12.0226	9.878	12.1995	6.7686	12.3561	3.6523	12.3024	0.3785	12.9546	-2.9097	13.2261	-6.2123	13.248	-9.3148	12.3786	-12.3764	11.3764	-15.228	9.8262	-17.8058	7.7352	-20.1865	5.399	-21.8587	1.9244	-23.5501	-1.1637	-25.0358	-4.3088	-26.5689	-7.1327	-27.4023	-10.6839	-26.9534	-15.4918	-25.1416	-21.3393	-22.2117	-27.7021	-19.9935	-32.6685	-19.6054	-35.5046	-20.2442	-37.2927	-20.936	-38.979	-21.3962	-40.7808	-21.9519	-42.4626	-22.3078	-44.2201	-22.9871	-45.7592	-23.56	-47.3384
"sc01"	1.42	"29/11/2016 15:15:15"	"Dico pudu lentamente"	"NOFF_TT"	77.5755	-12.0277	10.6735	80.699	-28.6407	28.3051	52.6691	5.232	"*"	"*"	"*"	"*"	"*"	"*"	"*"	"*"	"*"	"*"	"*"	"*"	"*"	"*"	28.5117	12.3666	25.3753	12.5441	22.218	12.3153	19.1127	12.2143	16.03	12.1324	12.9522	12.4555	9.8531	12.6266	6.7411	12.6359	3.6203	12.5333	0.3564	13.0776	-2.9499	13.4085	-6.2525	13.4014	-9.339	12.4579	-12.3112	11.1898	-14.9448	9.1085	-17.4171	6.8542	-19.7863	4.5815	-21.6333	1.5067	-23.3519	-1.4984	-24.8535	-4.5905	-26.2169	-7.632	-27.0873	-11.095	-27.1404	-15.2668	-25.351	-21.1068	-22.4343	-27.4739	-19.6844	-32.9612	-19.6199	-35.492	-20.2571	-37.2824	-20.9521	-38.967	-21.4093	-40.7718	-22.0928	-42.3743	-22.5297	-44.0931	-23.1699	-45.664	-23.675	-47.2842
"sc01"	1.407	"29/11/2016 15:15:15"	"Dico pudu lentamente"	"NONS_TT"	77.4821	1.9455	2.7084	81.148	-22.049	21.3852	52.5406	4.9953	"*"	"*"	"*"	"*"	"*"	"*"	"*"	"*"	"*"	"*"	"*"	"*"	31.2935	10.4605	28.1954	10.6285	25.1554	10.9872	22.0994	11.14	19.0569	11.2997	16.0142	11.3882	12.9642	11.8096	9.8895	12.0026	6.7801	12.2398	3.6648	12.2118	0.3952	12.8615	-2.8736	13.0624	-6.1623	13.0577	-9.2777	12.2572	-12.3936	11.4257	-15.3578	10.1552	-17.9861	8.1439	-20.3489	5.7307	-21.9691	2.1289	-23.6303	-1.0283	-25.1236	-4.173	-26.7041	-6.941	-27.5855	-10.4448	-26.8944	-15.5628	-25.0899	-21.3966	-22.1038	-27.8127	-20.1495	-32.5208	-19.5929	-35.5155	-20.2399	-37.2962	-20.9339	-38.9806	-21.3962	-40.7808	-21.8785	-42.5086	-22.2327	-44.2631	-22.9871	-45.7592	-23.6481	-47.2969
"sc01"	1.38	"29/11/2016 15:15:15"	"Dico pudu lentamente"	"peak1_TT"	77.2679	11.5318	11.6119	81.3895	-3.0022	2.4071	52.0846	4.156	"*"	"*"	"*"	"*"	"*"	"*"	"*"	"*"	"*"	"*"	"*"	"*"	"*"	"*"	"*"	"*"	"*"	"*"	21.9608	9.767	18.9319	9.2502	15.9677	9.1932	13.0168	8.9666	10.0641	9.006	7.0734	9.254	4.0573	9.3778	0.8555	10.2927	-2.4613	11.1925	-5.9372	12.2002	-9.3161	12.3829	-12.6138	12.0558	-15.6566	10.9125	-18.5055	9.3209	-20.899	6.8545	-23.1334	4.2858	-24.2449	0.0095	-25.7319	-3.2331	-26.8984	-6.6652	-28.4429	-9.3258	-27.6526	-14.6506	-24.7709	-21.7509	-21.2943	-28.6428	-19.6048	-33.0367	-19.5869	-35.5208	-20.3738	-37.1882	-20.9481	-38.97	-21.5335	-40.687	-22.1435	-42.3426	-22.7314	-43.9776	-23.4268	-45.5302	-24.1549	-47.0579
"sc01"	1.4655	"29/11/2016 15:15:15"	"Dico pudu lentamente"	"peak2_TT"	75.7572	-54.9755	55.0709	79.1666	-11.1752	12.0277	"*"	"*"	"*"	"*"	"*"	"*"	"*"	"*"	"*"	"*"	"*"	"*"	33.9001	8.2791	30.9516	8.9292	27.9966	9.536	25.0247	10.0621	22.0372	10.5236	19.0355	10.9489	16.0123	11.2987	12.967	11.656	9.8913	11.9712	6.7804	12.2367	3.6576	12.2644	0.5298	12.1101	-2.5805	11.7328	-5.7075	11.3253	-8.8043	10.7073	-11.54	8.9828	-14.242	7.3276	-16.3779	4.4992	-19.0057	2.987	-20.6875	-0.2455	-22.4844	-2.9634	-23.7857	-6.2405	-25.8173	-8.1988	-27.5582	-10.4804	-27.739	-14.5466	-26.4085	-19.9326	-24.0348	-25.8329	-21.8796	-30.8823	-20.7361	-34.5159	-20.6253	-36.9853	-21.3475	-38.6733	-21.777	-40.5207	-22.1192	-42.3578	-22.4937	-44.1137	-24.092	-45.1836	-25.2673	-46.5334
"sc01"	1.2705	"29/11/2016 15:15:26"	"Dico pogo lentamente"	"max_TD"	70.9923	17.0307	17.746	83.0414	-7.473	4.8237	49.1383	-1.2676	"*"	"*"	"*"	"*"	"*"	"*"	"*"	"*"	"*"	"*"	"*"	"*"	"*"	"*"	"*"	"*"	"*"	"*"	21.277	2.9932	18.5834	3.5355	15.8681	4.4951	13.0839	5.3389	10.2809	5.2856	7.4094	5.8331	4.3163	7.5081	0.8949	10.0728	-2.6225	11.9235	-6.0849	12.7629	-9.6531	13.4863	-13.2365	13.838	-16.4728	12.9807	-19.2093	10.916	-20.7278	6.5048	-21.8137	1.8409	-22.7533	-2.5092	-24.1524	-5.6738	-25.3657	-8.8394	-26.1638	-12.3004	-27.9552	-14.2865	-28.4508	-17.6651	-28.7353	-21.0132	-27.3701	-25.6825	-27.2756	-28.7975	-27.6137	-31.3479	-28.557	-33.3155	-28.8497	-35.6882	-28.986	-38.0556	-29.2044	-40.2715	-29.7686	-42.2263	-30.4772	-44.077
"sc01"	1.276	"29/11/2016 15:15:26"	"Dico pogo lentamente"	"NOFF_TD"	71.0096	13.9732	14.6103	82.8904	-19.268	16.6893	"*"	"*"	"*"	"*"	"*"	"*"	"*"	"*"	"*"	"*"	"*"	"*"	"*"	"*"	"*"	"*"	"*"	"*"	"*"	"*"	21.3	3.2208	18.5973	3.7629	15.8674	4.462	13.0876	5.1414	10.2887	5.1522	7.3949	5.9804	4.2649	7.8789	0.8461	10.3451	-2.6262	11.9403	-6.0609	12.6712	-9.6081	13.3388	-13.2017	13.7385	-16.4111	12.8245	-19.1448	10.7698	-20.6027	6.2492	-21.7318	1.6892	-22.6569	-2.672	-24.1286	-5.7107	-25.4834	-8.6724	-26.5399	-11.8096	-28.1336	-14.0719	-28.727	-17.3584	-28.7344	-21.0141	-27.5917	-25.4726	-27.2773	-28.7961	-27.5809	-31.3744	-28.4609	-33.3869	-28.6544	-35.8217	-28.7929	-38.1765	-29.0024	-40.3871	-29.588	-42.3203	-30.278	-44.171
"sc01"	1.26	"29/11/2016 15:15:26"	"Dico pogo lentamente"	"NONS_TD"	70.844	26.3824	27.2903	83.1202	22.7394	25.2953	49.2746	-1.0167	"*"	"*"	"*"	"*"	"*"	"*"	"*"	"*"	"*"	"*"	"*"	"*"	"*"	"*"	"*"	"*"	"*"	"*"	"*"	"*"	18.5031	2.2177	15.8302	2.7062	13.1081	4.0331	10.3009	4.9432	7.3708	6.2257	4.2896	7.7009	"*"	"*"	-2.4526	11.1528	-5.7777	11.5928	-9.3257	12.4142	-12.8736	12.7994	-16.3208	12.5956	-19.0429	10.5389	-20.752	6.5542	-22.145	2.4547	-23.3835	-1.4452	-25.0372	-4.3066	-25.9649	-7.9894	-26.5859	-11.7495	-27.748	-14.5358	-28.1366	-18.0139	-28.5149	-21.2392	-27.3965	-25.6575	-27.5519	-28.5559	-27.7237	-31.2592	-28.7299	-33.1871	-29.4157	-35.3016	-29.6387	-37.6467	-29.9056	-39.87	-30.3599	-41.9182	-31.2045	-43.7341
"sc01"	1.2065	"29/11/2016 15:15:26"	"Dico pogo lentamente"	"peak1_TD"	68.2839	44.3306	43.5658	78.4743	117.1589	117.3153	"*"	"*"	"*"	"*"	"*"	"*"	"*"	"*"	"*"	"*"	"*"	"*"	"*"	"*"	"*"	"*"	"*"	"*"	"*"	"*"	"*"	"*"	18.4617	1.5396	15.8178	2.1234	13.1197	3.4085	10.3516	4.0717	7.4813	5.1014	4.5593	5.7535	1.5749	6.2786	-1.5873	7.2284	-4.8686	8.1298	-8.2461	8.8796	-11.5367	8.9733	-14.482	7.9356	-17.1465	6.241	-19.6601	4.3237	-22.2318	2.6156	-24.6095	0.6251	-26.0088	-2.8052	-26.8377	-6.7515	-27.4192	-10.6619	-28.8943	-13.1568	-29.8703	-16.089	-30.3542	-19.3533	-30.5016	-22.7168	-30.7496	-25.7598	-31.3464	-28.3369	-31.3907	-31.2097	-31.9138	-33.5947	-32.586	-35.8001	-33.4952	-37.8148	-33.9052	-40.0712	-34.3497	-42.2512
"sc01"	1.3195	"29/11/2016 15:15:26"	"Dico pogo lentamente"	"peak2_TD"	71.3516	32.1083	30.6301	80.055	-73.4673	73.595	"*"	"*"	"*"	"*"	"*"	"*"	"*"	"*"	"*"	"*"	"*"	"*"	"*"	"*"	"*"	"*"	"*"	"*"	"*"	"*"	21.3763	3.977	18.6527	4.672	15.893	5.6724	13.0862	5.216	10.2447	5.9076	7.3442	6.497	4.3062	7.5808	1.1898	8.4273	-2.1192	9.6411	-5.5586	10.758	-8.9008	11.0231	-12.0466	10.4325	-15.1112	9.5303	-17.6888	7.4699	-19.7231	4.4525	-20.8663	0.0857	-21.6961	-4.2945	-22.8018	-7.7608	-24.648	-9.8574	-26.5096	-11.849	-28.0216	-14.2066	-29.3457	-16.6715	-29.6939	-20.0303	-29.8457	-23.338	-29.692	-26.6845	-29.6449	-29.7094	-29.4869	-32.6245	-28.9388	-35.6274	-29.2578	-37.8853	-29.3444	-40.1913	-29.5793	-42.3249	-29.9919	-44.3059
"sc01"	1.2035	"29/11/2016 15:15:36"	"Dico poto lentamente"	"max_TT"	78.2849	-6.7158	3.6297	71.5314	7.6866	6.2733	"*"	"*"	"*"	"*"	"*"	"*"	"*"	"*"	"*"	"*"	"*"	"*"	"*"	"*"	"*"	"*"	28.4754	12.1673	25.3779	12.5626	22.2476	12.6082	19.1129	12.2177	16.0257	11.9308	12.9686	11.5703	9.9342	11.2355	6.906	10.9581	3.8891	10.5929	0.8465	10.3432	-2.19	9.962	-4.7144	7.5423	-7.0576	4.9885	-9.0311	1.8021	-11.3968	0.1172	-13.6028	-1.7901	-15.8307	-3.4987	-17.9022	-5.4057	-19.7692	-7.5484	-21.6613	-9.5232	-23.6639	-11.2533	-25.6081	-13.0257	-27.29	-15.0869	-28.6738	-17.4175	-29.8491	-19.8712	-30.5959	-22.6275	-31.0674	-25.4818	-31.6291	-28.1088	-32.4015	-30.4585	-33.3287	-32.628	-33.6022	-35.1635	-34.704	-37.1227	"*"	"*"	-38.7942	-40.1557
"sc01"	1.209	"29/11/2016 15:15:36"	"Dico poto lentamente"	"NOFF_TT"	78.2259	-20.1111	17.2119	71.5663	14.0724	12.6495	"*"	"*"	"*"	"*"	"*"	"*"	"*"	"*"	"*"	"*"	"*"	"*"	"*"	"*"	"*"	"*"	28.4227	11.8775	25.3344	12.2549	22.2311	12.4454	19.1112	12.1902	16.0279	12.0359	12.9651	11.7627	9.9198	11.4834	6.8836	11.186	3.8567	10.8268	0.7976	10.6159	-2.2546	10.2547	-4.7906	7.8326	-7.1398	5.2577	-9.0837	1.9524	-11.4297	0.2006	-13.606	-1.783	-15.9247	-3.3067	-17.9977	-5.2286	-19.8484	-7.4147	-21.6264	-9.5771	-23.5542	-11.409	-25.5162	-13.1457	-27.2159	-15.176	-28.6743	-17.4169	-29.8055	-19.9159	-30.2368	-22.9675	-30.7105	-25.794	-31.3156	-28.3617	-32.4469	-30.4248	-33.284	-32.6586	-33.8201	-35.0269	-34.6731	-37.1404	"*"	"*"	-38.5089	-40.2901
"sc01"	1.194	"29/11/2016 15:15:36"	"Dico poto lentamente"	"NONS_TT"	78.1967	26.0048	29.0871	71.5936	-6.5956	7.8278	"*"	"*"	"*"	"*"	"*"	"*"	"*"	"*"	"*"	"*"	"*"	"*"	"*"	"*"	"*"	"*"	28.5112	12.364	25.4117	12.8018	22.2609	12.7405	19.1152	12.255	16.0225	11.7806	12.9734	11.3099	9.9513	10.9425	6.9218	10.7965	3.9117	10.4291	0.9149	9.9614	-2.0398	9.2809	-4.5453	6.8979	-6.9125	4.5135	-8.994	1.6958	-11.4127	0.1574	-13.6954	-1.5804	-15.832	-3.4961	-17.8694	-5.4664	-19.7454	-7.5886	-21.7579	-9.3739	-23.8582	-10.9777	-25.7476	-12.8436	-27.4832	-14.8544	-28.8438	-17.2287	-30.07	-19.6446	-30.9255	-22.3153	-31.3325	-25.25	-31.8527	-27.9284	-32.4291	-30.438	-33.4037	-32.5768	-33.445	-35.2619	-34.5161	-37.2303	"*"	"*"	-38.8101	-40.1482
"sc01"	1.139	"29/11/2016 15:15:36"	"Dico poto lentamente"	"peak1_TT"	72.7681	134.8228	134.9335	73.1386	-5.7335	4.6234	51.0237	2.203	"*"	"*"	"*"	"*"	"*"	"*"	"*"	"*"	"*"	"*"	"*"	"*"	"*"	"*"	27.4306	6.4258	24.5912	6.9929	21.7066	7.2491	18.813	7.3004	15.9247	7.1644	13.0504	7.1502	10.1797	7.0231	7.3083	6.8619	4.4604	6.4671	1.5939	6.1722	-1.2728	5.8023	-4.2238	5.6733	-7.0381	4.9245	-9.9597	4.4596	-12.6138	3.2015	-15.1425	1.6992	-17.0495	-1.0091	-18.963	-3.4404	-20.8425	-5.7359	-23.4611	-6.7421	-26.0191	-7.9126	-28.2936	-9.5206	-29.9229	-11.9193	-31.5106	-14.2678	-33.2943	-16.3387	-34.103	-19.3061	-34.3014	-22.654	-34.3336	-25.9271	-35.2104	-28.3711	-35.6319	-31.0544	-35.9854	-33.6703	-35.9301	-36.4207	-36.5872	-38.674	-37.3089	-40.8559
"sc01"	1.2455	"29/11/2016 15:15:36"	"Dico poto lentamente"	"peak2_TT"	75.5692	-75.4566	75.5558	73.3863	54.0962	53.7682	"*"	"*"	"*"	"*"	"*"	"*"	"*"	"*"	"*"	"*"	"*"	"*"	"*"	"*"	30.9083	8.7354	27.9409	9.2299	24.9763	9.7194	22.0081	10.236	19.0209	10.7095	16.0053	10.9674	12.9798	10.9653	9.9568	10.8485	6.9306	10.7074	3.897	10.5356	0.8816	10.1473	-2.144	9.7533	-5.2061	9.4154	-7.699	7.0886	-9.9301	4.3749	-11.6383	0.7291	-13.8513	-1.2271	-15.757	-3.6492	-17.7196	-5.7439	-19.7256	-7.6221	-22.029	-8.955	-24.5894	-9.9405	-26.0443	-12.4564	-27.1203	-15.2909	-27.7919	-18.3966	-29.1678	-20.5698	-30.4121	-22.8016	-31.0157	-25.527	-31.69	-28.0596	-32.3573	-30.4914	-33.1534	-32.7478	-33.9325	-34.9565	-35.2337	-36.8194	"*"	"*"	"*"	"*"
